"Date","Tech_Index","Crypto_Index"
2018-01-01,98.4351050556598,49.9149869115146
2018-01-02,97.6510221475049,49.9022451317503
2018-01-03,97.2600195349041,49.8813562709239
2018-01-04,97.0943538209978,49.8919452572118
2018-01-05,97.0059732459064,49.886354644503
2018-01-06,96.9749616571315,49.8828272094228
2018-01-07,96.9595434521106,49.8746423099329
2018-01-08,96.9751148738502,49.8672462917949
2018-01-09,96.9726513895707,49.8259019904406
2018-01-10,96.9877293003201,49.7989766946088
2018-01-11,97.033206736274,49.8236903657182
2018-01-12,97.0570170892898,49.8495996195456
2018-01-13,97.0746800898028,49.9217014928517
2018-01-14,97.0836422392604,49.9166201211206
2018-01-15,97.0977686896044,49.9223866527192
2018-01-16,97.0861628814445,49.9085389166793
2018-01-17,97.1261771112477,49.9447299731694
2018-01-18,97.134244396759,49.9067172823366
2018-01-19,97.1411781237095,49.8700208065299
2018-01-20,97.153066828417,49.8704602165676
2018-01-21,97.1331584412266,49.8186122659565
2018-01-22,97.106491082327,49.8088854266939
2018-01-23,97.122117130755,49.8222049149486
2018-01-24,97.0968305700609,49.7708029366387
2018-01-25,97.0599473257008,49.7254561090355
2018-01-26,97.0747008027417,49.7185464643369
2018-01-27,97.0674511673937,49.7128385659494
2018-01-28,97.0432815872523,49.6564289544585
2018-01-29,97.0380832021596,49.6524249726748
2018-01-30,97.1167344671006,49.7689454609129
2018-01-31,97.1507249257423,49.7428726227112
2018-02-01,97.1892073830604,49.7531590932315
2018-02-02,97.1963427447948,49.7395702639011
2018-02-03,97.2068561639212,49.7785338518912
2018-02-04,97.2488483486633,49.8649341529574
2018-02-05,97.2622539482464,49.8396177646446
2018-02-06,97.251474308287,49.8041753109163
2018-02-07,97.2544926472374,49.7874909829527
2018-02-08,97.2975495127273,49.837241026789
2018-02-09,97.3019808743468,49.8434503439751
2018-02-10,97.2977514826454,49.8012532362314
2018-02-11,97.3052241589613,49.8194638808693
2018-02-12,97.2935608178789,49.8249608130383
2018-02-13,97.3025808450529,49.8062782988357
2018-02-14,97.2913674511225,49.8070656682433
2018-02-15,97.2629956644218,49.7634556054364
2018-02-16,97.2391640067932,49.7594147608806
2018-02-17,97.216820574317,49.7501303041129
2018-02-18,97.2000530219401,49.7598071533258
2018-02-19,97.1637763048787,49.762633226341
2018-02-20,97.1569413852782,49.7625180874981
2018-02-21,97.1587268745754,49.7409230996376
2018-02-22,97.1678392670702,49.7173852292433
2018-02-23,97.1666605175121,49.6830815934314
2018-02-24,97.1570472383557,49.6755060208156
2018-02-25,97.1558501278388,49.6811505937025
2018-02-26,97.1649411866873,49.6860002475218
2018-02-27,97.1746608866497,49.6509495387193
2018-02-28,97.1481441373478,49.6057568628458
2018-03-01,97.1431018714533,49.6026695423122
2018-03-02,97.1547986433926,49.6081817717252
2018-03-03,97.1672190446505,49.6353421481356
2018-03-04,97.1694777759251,49.6333801933918
2018-03-05,97.1944505865819,49.666221053932
2018-03-06,97.2161408564751,49.7011729911424
2018-03-07,97.2269023649619,49.6782888597254
2018-03-08,97.2525739385664,49.6823166117797
2018-03-09,97.2232342584632,49.6252166987039
2018-03-10,97.1852722453406,49.6056183059259
2018-03-11,97.1685490758834,49.6179707250615
2018-03-12,97.1966355112134,49.6707582775937
2018-03-13,97.1621277157188,49.6351909488285
2018-03-14,97.1152083492376,49.6296871653228
2018-03-15,97.0929114204582,49.6254268201728
2018-03-16,97.0826348199933,49.5748193225712
2018-03-17,97.0593810598501,49.52833257245
2018-03-18,97.0426661584295,49.513255732222
2018-03-19,97.0482759020574,49.540672569213
2018-03-20,97.0566964587894,49.5528893182707
2018-03-21,97.0547810641228,49.5444457521892
2018-03-22,97.069684200893,49.5334605773156
2018-03-23,97.0645434687671,49.5273583923629
2018-03-24,97.0811113078607,49.5451320009681
2018-03-25,97.0643971103029,49.4777348809564
2018-03-26,97.0826929436613,49.4610937035506
2018-03-27,97.0604897257514,49.4347821157158
2018-03-28,97.0279933551106,49.3861031361054
2018-03-29,96.9994035633775,49.3700100469152
2018-03-30,96.9785894430628,49.355102554454
2018-03-31,96.9522090748518,49.2756431593445
2018-04-01,96.9237052335699,49.2531200125231
2018-04-02,96.9144801937265,49.2791421197729
2018-04-03,96.9264521245175,49.3347265333127
2018-04-04,96.9216393026941,49.3376973280707
2018-04-05,96.9414550228306,49.3728375822607
2018-04-06,96.9460081635867,49.4093517162797
2018-04-07,96.9255808810937,49.4177361038298
2018-04-08,96.9295354017549,49.4319493139804
2018-04-09,96.9160058050854,49.4331485808075
2018-04-10,96.9389885057792,49.4162055096512
2018-04-11,96.9815176055312,49.424107930512
2018-04-12,96.9739886546478,49.4049880294253
2018-04-13,96.9462823454077,49.351335502048
2018-04-14,96.9306511850656,49.3292990272801
2018-04-15,96.8876562052993,49.3397038070878
2018-04-16,96.8650429409753,49.3343313824838
2018-04-17,96.8628189500642,49.3517201160625
2018-04-18,96.8826452626616,49.3579565894583
2018-04-19,96.8893464700541,49.4334942237758
2018-04-20,96.9185018381138,49.4869643300639
2018-04-21,96.9414739284475,49.5120366301828
2018-04-22,96.9578948008681,49.5489577309991
2018-04-23,96.9623936123078,49.5524452472508
2018-04-24,96.9595697263856,49.5613212257929
2018-04-25,96.9442046409584,49.5444463231666
2018-04-26,96.9412863585759,49.5059475335759
2018-04-27,96.9566365671213,49.5039034012392
2018-04-28,96.9970648953639,49.5511759365317
2018-04-29,97.0088333649002,49.5578271393234
2018-04-30,96.9879983470738,49.5362612429354
2018-05-01,96.9864183738363,49.5255121462225
2018-05-02,96.9700254514381,49.5266851111822
2018-05-03,96.961289023402,49.5373956464072
2018-05-04,96.9263232709995,49.4803975499919
2018-05-05,96.895332693881,49.4435964348137
2018-05-06,96.8733624605087,49.4478953755886
2018-05-07,96.8713738639961,49.4861477878098
2018-05-08,96.8562696466939,49.4849732004827
2018-05-09,96.8654968267564,49.5329566078115
2018-05-10,96.8780167074315,49.5843135185717
2018-05-11,96.8640189258176,49.5802720353302
2018-05-12,96.8618148742309,49.620204471063
2018-05-13,96.8693775367836,49.629945778341
2018-05-14,96.8409803414704,49.5910549760918
2018-05-15,96.822484387069,49.5622610809163
2018-05-16,96.8332443001427,49.5205648387484
2018-05-17,96.8247209834579,49.5228222976156
2018-05-18,96.8419924933303,49.547941427321
2018-05-19,96.8429358580951,49.5841991988396
2018-05-20,96.831416876042,49.5488055424543
2018-05-21,96.8393582607737,49.5720981301838
2018-05-22,96.8571331128994,49.5780179099482
2018-05-23,96.8787355288316,49.5960127761692
2018-05-24,96.9028362715788,49.6127243763326
2018-05-25,96.9357260673979,49.6460316510663
2018-05-26,96.9602468196739,49.6387171571624
2018-05-27,97.0169771598165,49.6913584077733
2018-05-28,97.0317080044583,49.7307023911726
2018-05-29,97.0601278994663,49.7416718956461
2018-05-30,97.0566225205087,49.7008409930496
2018-05-31,97.0714316113738,49.6992761391023
2018-06-01,97.1063452022979,49.7037154626979
2018-06-02,97.0920414545102,49.6700268924029
2018-06-03,97.1104327874064,49.6839422952546
2018-06-04,97.0850739189086,49.661370387041
2018-06-05,97.0866475002247,49.625006163643
2018-06-06,97.033220727819,49.5533948846701
2018-06-07,97.0333063485533,49.5280491209146
2018-06-08,97.0553303981882,49.5526701991377
2018-06-09,97.0771913745414,49.5544357287425
2018-06-10,97.0986364947502,49.5885485939219
2018-06-11,97.1173049587895,49.6055139699674
2018-06-12,97.1449962221029,49.6458764774409
2018-06-13,97.1846923313523,49.6540637716527
2018-06-14,97.2173054031099,49.6748210067606
2018-06-15,97.2280058056946,49.6773645146748
2018-06-16,97.2378520565223,49.6653599048429
2018-06-17,97.2313229871611,49.6435967541344
2018-06-18,97.232116969961,49.6364471307415
2018-06-19,97.2580206398156,49.692662989887
2018-06-20,97.2696305438814,49.710900185238
2018-06-21,97.2571418376402,49.6870420285472
2018-06-22,97.2730898396398,49.7076922434887
2018-06-23,97.2925405287205,49.7267152102865
2018-06-24,97.2792098242073,49.7092294208436
2018-06-25,97.3139211296755,49.6810290441883
2018-06-26,97.3450232553762,49.6622425703991
2018-06-27,97.3418969669764,49.633205976853
2018-06-28,97.3485895177241,49.6193456562056
2018-06-29,97.3546251850461,49.6487467219121
2018-06-30,97.3764318439688,49.6853108657891
2018-07-01,97.4094383164668,49.6800502052501
2018-07-02,97.4107079409615,49.6585438288347
2018-07-03,97.4124853824892,49.6646308420866
2018-07-04,97.4008040931037,49.6607438151864
2018-07-05,97.4108589061109,49.6557526705794
2018-07-06,97.4233690289408,49.6480806904062
2018-07-07,97.433340417498,49.7099970521192
2018-07-08,97.4345762997441,49.7312452190692
2018-07-09,97.4398685537622,49.7364314163039
2018-07-10,97.4442010112969,49.7394115007449
2018-07-11,97.4537160464418,49.767211475727
2018-07-12,97.4509966333847,49.7799220161266
2018-07-13,97.4507820463012,49.8075045059953
2018-07-14,97.4347847292451,49.8404111327363
2018-07-15,97.4131251303064,49.8097273563214
2018-07-16,97.4170091107175,49.7957605464414
2018-07-17,97.4404802228076,49.8320009958654
2018-07-18,97.4378709160288,49.8302122217122
2018-07-19,97.4396397009709,49.8518402029636
2018-07-20,97.4077579624917,49.8154937086262
2018-07-21,97.4058429253553,49.8170228684647
2018-07-22,97.3662663253479,49.7551193744622
2018-07-23,97.3430308828201,49.7406468626732
2018-07-24,97.3003344903933,49.7120264109804
2018-07-25,97.2584727975286,49.7101950899354
2018-07-26,97.2183669061173,49.7383450211595
2018-07-27,97.1967493935136,49.7320483585408
2018-07-28,97.2004870846661,49.7514123915119
2018-07-29,97.2096509416242,49.7978009459867
2018-07-30,97.2490301759103,49.8309099589224
2018-07-31,97.2636929208684,49.8312121697818
2018-08-01,97.2781749975321,49.8422108532729
2018-08-02,97.2545576311128,49.8498480947482
2018-08-03,97.2486769401273,49.8488643525577
2018-08-04,97.2196473146891,49.8200186259694
2018-08-05,97.1917468417527,49.8107808336356
2018-08-06,97.1862614276124,49.8234057926993
2018-08-07,97.1910023485998,49.8216699484172
2018-08-08,97.2134828095952,49.8188262534998
2018-08-09,97.2123785657363,49.8112815293971
2018-08-10,97.2140169448205,49.8077220145777
2018-08-11,97.218951955928,49.7831860718527
2018-08-12,97.2407082309202,49.830035852517
2018-08-13,97.2664949509446,49.8280407771121
2018-08-14,97.2681076654127,49.7983928869464
2018-08-15,97.2566167201661,49.7769279013525
2018-08-16,97.2674531917188,49.7700681940706
2018-08-17,97.2499339832643,49.7299565012064
2018-08-18,97.2642825681813,49.7528764498684
2018-08-19,97.2438187427626,49.7533228460767
2018-08-20,97.2372091331327,49.7683539429947
2018-08-21,97.2425391620988,49.7506758413389
2018-08-22,97.2615689782659,49.7619759186818
2018-08-23,97.265492858039,49.7697686620003
2018-08-24,97.2334603050021,49.742281404013
2018-08-25,97.1964170157825,49.6874218929679
2018-08-26,97.1670726985187,49.6132410778954
2018-08-27,97.1537239347573,49.591311141621
2018-08-28,97.1645281648805,49.5993055037241
2018-08-29,97.1831761839799,49.6380441158647
2018-08-30,97.2014456796082,49.646737761127
2018-08-31,97.2293745253309,49.6714357834772
2018-09-01,97.2729693457973,49.7102634874057
2018-09-02,97.295732077498,49.7059966322821
2018-09-03,97.3097803020747,49.6894630573761
2018-09-04,97.3312851413343,49.690612912193
2018-09-05,97.3256535693246,49.7031851226988
2018-09-06,97.3775756551993,49.7263956822422
2018-09-07,97.4220446794193,49.7285119919892
2018-09-08,97.4407504215575,49.7760186636052
2018-09-09,97.4754999086797,49.8138216204846
2018-09-10,97.479589837947,49.8074383400229
2018-09-11,97.5027187204195,49.8310362238155
2018-09-12,97.5250406114238,49.8251849448105
2018-09-13,97.5332072883899,49.8129657667352
2018-09-14,97.5567049760373,49.8407346568429
2018-09-15,97.5718043405998,49.8539197794481
2018-09-16,97.5924269852582,49.8795981254464
2018-09-17,97.6170131221506,49.9076361808979
2018-09-18,97.6615307478186,49.9625962390956
2018-09-19,97.6921742618485,50.0031542179422
2018-09-20,97.7285678100541,49.9809986656208
2018-09-21,97.7229285041302,49.9906930759859
2018-09-22,97.7109840763459,50.0134334966883
2018-09-23,97.7311975811293,50.0236602331663
2018-09-24,97.7224820431104,49.9705250298304
2018-09-25,97.718468605276,49.9490284045278
2018-09-26,97.7283700425045,49.9674637255006
2018-09-27,97.7342089712211,49.9592658076568
2018-09-28,97.7068216950247,49.9479588275384
2018-09-29,97.6987868620328,49.9309157590991
2018-09-30,97.6966341653155,49.955167038486
2018-10-01,97.669936659086,49.9558637006993
2018-10-02,97.6355469386574,49.9237917696002
2018-10-03,97.613745557446,49.870404961713
2018-10-04,97.5680330683439,49.8825606770886
2018-10-05,97.5487530199151,49.890047031965
2018-10-06,97.5472208359255,49.9104381308592
2018-10-07,97.5382564942899,49.9107604725585
2018-10-08,97.5310532909479,49.9102455062295
2018-10-09,97.493351577098,49.9171726309474
2018-10-10,97.4771984928298,49.9164934056009
2018-10-11,97.4523409447654,49.9152685007531
2018-10-12,97.4899579895989,49.9577536511473
2018-10-13,97.5272119144643,49.967438570321
2018-10-14,97.5560656894492,49.9780802518615
2018-10-15,97.5778534513369,49.997098255802
2018-10-16,97.6041993370777,49.9982922081268
2018-10-17,97.6295113120371,50.015368736363
2018-10-18,97.6279005206742,50.0203161922237
2018-10-19,97.6172838783186,50.0179627162579
2018-10-20,97.6048953395135,49.9971691855804
2018-10-21,97.5908232425156,50.022868056365
2018-10-22,97.5816924559764,50.0233051379622
2018-10-23,97.5487387592636,50.056784554182
2018-10-24,97.5355934986356,50.0531271791324
2018-10-25,97.5113911887967,50.0537738268679
2018-10-26,97.5031649101545,50.0910781517499
2018-10-27,97.4609865639935,50.0448301911391
2018-10-28,97.4227064551852,50.0268478176248
2018-10-29,97.4055203717419,50.0160732783602
2018-10-30,97.3991533538714,50.003676157717
2018-10-31,97.4041644061496,50.0204570882512
2018-11-01,97.4189543907794,49.9750253679856
2018-11-02,97.4651123531186,50.0103348857798
2018-11-03,97.4973633468882,50.0311323265346
2018-11-04,97.4916742260062,50.0292312898968
2018-11-05,97.4769057897619,50.0109076984474
2018-11-06,97.4712174149132,49.9862674761465
2018-11-07,97.4585526599204,49.9740680597951
2018-11-08,97.4755641000233,49.9987591456541
2018-11-09,97.4741181159064,49.9953663508498
2018-11-10,97.4843448026677,50.0095147221241
2018-11-11,97.4984291716762,50.0129533294524
2018-11-12,97.509572455677,49.9766847065491
2018-11-13,97.5389615399587,49.9924716418516
2018-11-14,97.5682625184278,50.0292355866898
2018-11-15,97.5741850420839,50.0565362649202
2018-11-16,97.569598786582,50.0406660389036
2018-11-17,97.5857153733196,50.0501058917281
2018-11-18,97.6117098048322,50.0607148494066
2018-11-19,97.6244447466853,50.0941828199692
2018-11-20,97.6057278587213,50.0688409678681
2018-11-21,97.6002080539738,50.0483549233033
2018-11-22,97.5755816460929,50.0543630095824
2018-11-23,97.5816452231258,50.0326291521748
2018-11-24,97.5789700652239,50.0226330794217
2018-11-25,97.5763078663334,50.019857294747
2018-11-26,97.6028382030103,49.9419225927102
2018-11-27,97.6321732370294,49.9575599352837
2018-11-28,97.6512792639968,49.9183621443109
2018-11-29,97.6756439360653,49.8937431663048
2018-11-30,97.6493408300559,49.8251828914353
2018-12-01,97.6441602777795,49.81654868123
2018-12-02,97.6664977493921,49.8345879438032
2018-12-03,97.6913890202212,49.8322296318026
2018-12-04,97.6913284007853,49.836652997651
2018-12-05,97.6638164423672,49.8734959516279
2018-12-06,97.6825683355228,49.9160850061655
2018-12-07,97.6748630939977,49.9508006918759
2018-12-08,97.6738343711269,49.9322667781546
2018-12-09,97.684667597457,49.9083866175603
2018-12-10,97.670142280709,49.8799152468731
2018-12-11,97.6568266738026,49.8458501166801
2018-12-12,97.6600579803517,49.8474347196864
2018-12-13,97.6679843698875,49.8636879776748
2018-12-14,97.6801422337579,49.9213660701129
2018-12-15,97.7096630986963,49.9632858243742
2018-12-16,97.7244076556027,49.9819889129326
2018-12-17,97.728483302663,49.9831880567648
2018-12-18,97.7328922639173,49.9842524616267
2018-12-19,97.7466524441881,49.9654604332998
2018-12-20,97.7754400193,49.9562051201688
2018-12-21,97.8064921777547,49.9354800943286
2018-12-22,97.8202749904963,49.9019623287214
2018-12-23,97.8193980386484,49.879635010986
2018-12-24,97.8133718540221,49.8539735907111
2018-12-25,97.8275514348219,49.8244424748359
2018-12-26,97.8408798822887,49.7978933083426
2018-12-27,97.8712810951518,49.8017754984798
2018-12-28,97.8838705332662,49.8469295859518
2018-12-29,97.8901739857706,49.8701222452699
2018-12-30,97.9073337597123,49.8958075733249
2018-12-31,97.9490515168173,49.9341519370945
2019-01-01,97.9651639854449,49.9397300393903
2019-01-02,97.9741667147309,49.9421913192186
2019-01-03,97.9966040600721,49.9736377308042
2019-01-04,98.0117934071389,49.9589751077298
2019-01-05,98.0022665721202,49.9202052666337
2019-01-06,97.9641116196132,49.9011835869192
2019-01-07,97.9166843483187,49.8884054923489
2019-01-08,97.889992299182,49.9120560896431
2019-01-09,97.9104920691458,49.9563876033868
2019-01-10,97.8971928912018,50.0340201616313
2019-01-11,97.9161211408047,50.0785625744187
2019-01-12,97.9206122797282,50.0610391022666
2019-01-13,97.9002630212025,50.0809720260927
2019-01-14,97.8860895222819,50.1170678377949
2019-01-15,97.8849390760184,50.158164676784
2019-01-16,97.8815424553462,50.1620178022164
2019-01-17,97.8863606228061,50.1645701298165
2019-01-18,97.903500050636,50.1849660505948
2019-01-19,97.9134417392771,50.1654283810685
2019-01-20,97.9148239100974,50.1286571693186
2019-01-21,97.8977573916975,50.0958144315167
2019-01-22,97.8993659427309,50.1190260081611
2019-01-23,97.8759070317289,50.0929094294566
2019-01-24,97.8829846759524,50.0711166364216
2019-01-25,97.8916253192126,50.0978741354763
2019-01-26,97.9175187374219,50.1214836276828
2019-01-27,97.9558174469053,50.1430763746626
2019-01-28,97.9857563912111,50.206308212916
2019-01-29,98.0059214474983,50.2348733301012
2019-01-30,98.0136229871557,50.2385794794065
2019-01-31,97.9913843201979,50.2465843335431
2019-02-01,97.9655104728618,50.2685460639355
2019-02-02,97.9963528184625,50.3400062123702
2019-02-03,98.028454791738,50.3627182948121
2019-02-04,98.0790874057424,50.3292521685571
2019-02-05,98.1201531597934,50.3555120055515
2019-02-06,98.0898362675411,50.2954623889411
2019-02-07,98.0665042393206,50.2873168300277
2019-02-08,98.0775950217638,50.3381737254792
2019-02-09,98.0885118377859,50.3709856042783
2019-02-10,98.0867490659748,50.3921996570528
2019-02-11,98.0916318434585,50.4444000661726
2019-02-12,98.1054041427791,50.463779208594
2019-02-13,98.1239900940246,50.5068389373588
2019-02-14,98.145106608647,50.543931637033
2019-02-15,98.1304456763421,50.5179675045617
2019-02-16,98.09602334018,50.478923883858
2019-02-17,98.0440794935694,50.4374643674427
2019-02-18,98.0289772738517,50.4323937133757
2019-02-19,98.0035173927005,50.4299985902447
2019-02-20,97.998128925796,50.4297433903018
2019-02-21,98.0304246821932,50.4798338574962
2019-02-22,98.04186807624,50.4621412849956
2019-02-23,98.0488715827461,50.4450492768005
2019-02-24,98.0379991532423,50.3972755374157
2019-02-25,98.0152570043642,50.3402902676421
2019-02-26,98.036623040869,50.4014076278595
2019-02-27,98.0503665876873,50.4145617967456
2019-02-28,98.0903840684748,50.4724943150521
2019-03-01,98.1250876433552,50.4964632905521
2019-03-02,98.1609630696876,50.5216762617513
2019-03-03,98.1557571006406,50.5147096582822
2019-03-04,98.1824981591162,50.5631582278212
2019-03-05,98.2122686600201,50.6045257421161
2019-03-06,98.2497111528121,50.6162833982219
2019-03-07,98.2978664386597,50.6372471005707
2019-03-08,98.3285477942317,50.6298267004512
2019-03-09,98.3501102870597,50.6507879197149
2019-03-10,98.385364732759,50.6496471090243
2019-03-11,98.4262939347022,50.6753646535224
2019-03-12,98.4212578409212,50.6596486833157
2019-03-13,98.3873354192638,50.6799209719683
2019-03-14,98.358356542874,50.6602775497684
2019-03-15,98.3398109753537,50.6654420852803
2019-03-16,98.3541289341106,50.6929421469955
2019-03-17,98.3750356719542,50.7051015074894
2019-03-18,98.3561434405895,50.6880574548658
2019-03-19,98.3442032519215,50.6727943131677
2019-03-20,98.3041362066635,50.6290577856433
2019-03-21,98.2825750319704,50.6122219542898
2019-03-22,98.2545291187951,50.6279757903854
2019-03-23,98.2347624723884,50.6382592497366
2019-03-24,98.2395800275683,50.6732230718283
2019-03-25,98.2519157695639,50.6328484475071
2019-03-26,98.2373873036212,50.5867158582887
2019-03-27,98.222882095529,50.5743473605208
2019-03-28,98.2167451863734,50.5569814075576
2019-03-29,98.2285368273555,50.536707027714
2019-03-30,98.2312954003651,50.5322750382043
2019-03-31,98.2828302075106,50.5510148568636
2019-04-01,98.2767186576515,50.6003535550447
2019-04-02,98.2394547582655,50.5704497750282
2019-04-03,98.2372783999777,50.5884785180268
2019-04-04,98.209436184636,50.5238967503653
2019-04-05,98.1691339068176,50.4716226260548
2019-04-06,98.1291306201736,50.4724451225558
2019-04-07,98.086914141901,50.442732012499
2019-04-08,98.0400092562704,50.419158290989
2019-04-09,98.0526068237932,50.416279495347
2019-04-10,98.0654158296502,50.4038709744037
2019-04-11,98.0879766278888,50.3928663845645
2019-04-12,98.1142999689832,50.3766526991481
2019-04-13,98.1459347954428,50.3809941668783
2019-04-14,98.163621413991,50.3784366934216
2019-04-15,98.1845360516169,50.3744037394727
2019-04-16,98.1507579450371,50.3227851360615
2019-04-17,98.1007269778103,50.288101704033
2019-04-18,98.0681607723393,50.2848973575703
2019-04-19,98.0274750403164,50.23948422877
2019-04-20,97.9813066200323,50.1802487595438
2019-04-21,97.96034164998,50.173840342159
2019-04-22,97.9754321723177,50.1854367703906
2019-04-23,98.0024651422585,50.232877229139
2019-04-24,97.9774931428174,50.2028412779708
2019-04-25,97.9652227903857,50.2126119700521
2019-04-26,97.979056204011,50.2391767225212
2019-04-27,97.9951054551126,50.2119104174804
2019-04-28,97.9991588021449,50.2101698622797
2019-04-29,97.9998027013224,50.2164146983604
2019-04-30,97.9840961340051,50.2184871655897
2019-05-01,97.9739266824298,50.2251398123022
2019-05-02,97.9668013744825,50.2849860360275
2019-05-03,97.98594482256,50.3078104690213
2019-05-04,98.004906480592,50.2894779448488
2019-05-05,98.0089443506017,50.2494369064419
2019-05-06,98.0014779197251,50.2300936134381
2019-05-07,98.0114796857571,50.2486968483427
2019-05-08,98.0041534297286,50.2780108039817
2019-05-09,97.9891146714147,50.2748489204407
2019-05-10,97.9699271275613,50.270327474885
2019-05-11,97.9485964518055,50.2642418113348
2019-05-12,97.9544098880529,50.2987642279757
2019-05-13,97.9642698235925,50.3286189621354
2019-05-14,97.9432892233397,50.3315264163299
2019-05-15,97.957962575137,50.35895179573
2019-05-16,97.964618164249,50.3449250493167
2019-05-17,97.9863724692682,50.3703472919417
2019-05-18,97.986462722749,50.3579185359335
2019-05-19,97.9919126587263,50.3559986235732
2019-05-20,97.995836789765,50.3728459030216
2019-05-21,97.9782756618859,50.4162164763775
2019-05-22,97.9965130567676,50.4611708088893
2019-05-23,97.9872916643734,50.4312208973001
2019-05-24,97.9553285371819,50.3894984590916
2019-05-25,97.9103312257903,50.3424429982553
2019-05-26,97.8837077583839,50.3436858842774
2019-05-27,97.8931573302314,50.3692048694522
2019-05-28,97.9086971569473,50.3820520640546
2019-05-29,97.9299962961496,50.4512078163383
2019-05-30,97.9291265008852,50.44119301902
2019-05-31,97.9290987040155,50.4220102831296
2019-06-01,97.9320535596917,50.3580539680424
2019-06-02,97.9458514778287,50.3522481715606
2019-06-03,97.9537077671468,50.3897645497143
2019-06-04,97.9719019049054,50.405024167149
2019-06-05,97.9794763017513,50.4068642638985
2019-06-06,97.9801038635845,50.4105347029722
2019-06-07,97.9921340735057,50.4251830832844
2019-06-08,98.0331300709428,50.4708258296141
2019-06-09,98.0630420259418,50.4831749235811
2019-06-10,98.0723066788823,50.4639243664668
2019-06-11,98.0829031950248,50.4569869219838
2019-06-12,98.1002117678169,50.4600978814836
2019-06-13,98.0997236302552,50.4687481953056
2019-06-14,98.115751434657,50.5276525503872
2019-06-15,98.1018044378133,50.5006193550195
2019-06-16,98.1184886053499,50.525342273448
2019-06-17,98.1474509425511,50.5775219973522
2019-06-18,98.1672824058204,50.5915112190098
2019-06-19,98.2259793929751,50.6416533805434
2019-06-20,98.2278609126428,50.6250967025408
2019-06-21,98.2466794197053,50.6338391678058
2019-06-22,98.2762860929933,50.7021349975123
2019-06-23,98.2571400051654,50.6767384878205
2019-06-24,98.2697992445665,50.6944550119619
2019-06-25,98.2426061374232,50.7236093031424
2019-06-26,98.2714250917751,50.7456106657508
2019-06-27,98.3121676804314,50.7679647530403
2019-06-28,98.347891446783,50.7895636798811
2019-06-29,98.414873551515,50.8576766371477
2019-06-30,98.4424438600526,50.8950097373872
2019-07-01,98.4843279409587,50.9397148185752
2019-07-02,98.538426192412,50.9618518229845
2019-07-03,98.5698214660137,50.9741031015142
2019-07-04,98.5654887145494,50.944068508131
2019-07-05,98.5391188394151,50.9396076148529
2019-07-06,98.5024527902936,50.9617070509327
2019-07-07,98.4820337483424,50.9704315417069
2019-07-08,98.4669806309685,50.9693872389721
2019-07-09,98.4702392701907,50.9679520265694
2019-07-10,98.4567893552462,50.952833550506
2019-07-11,98.4400681000312,50.9403946714494
2019-07-12,98.4316166112171,50.9144311461019
2019-07-13,98.4260730717945,50.8975432997248
2019-07-14,98.4304071007327,50.89884953776
2019-07-15,98.4559890564424,50.9226378906172
2019-07-16,98.451888048952,50.9158523955366
2019-07-17,98.4618131027877,50.9487118897514
2019-07-18,98.4882768573818,50.9862873971899
2019-07-19,98.5067682009598,50.996585357732
2019-07-20,98.5082246151575,50.9763666615393
2019-07-21,98.521560661515,51.0137871677661
2019-07-22,98.5297815784593,51.0515677721156
2019-07-23,98.5462087697955,51.0555486790324
2019-07-24,98.5630064595517,51.1141264200604
2019-07-25,98.5641446520921,51.1074705442124
2019-07-26,98.5549102338871,51.0925041107542
2019-07-27,98.5616970573122,51.0807529350407
2019-07-28,98.5792942594503,51.1044221814027
2019-07-29,98.5759844756398,51.1111368861618
2019-07-30,98.5616430044245,51.0963694737593
2019-07-31,98.5373115272617,51.070049211163
2019-08-01,98.5346309499864,51.0447795645614
2019-08-02,98.5356891421133,51.0467392285221
2019-08-03,98.5227670884675,51.0506576407976
2019-08-04,98.5115578802542,51.024925979943
2019-08-05,98.4705460295656,50.9124248239192
2019-08-06,98.4260129038996,50.8648120163403
2019-08-07,98.4028283193529,50.8752150536112
2019-08-08,98.3827213479256,50.8698070586868
2019-08-09,98.3626813047586,50.878378120415
2019-08-10,98.3844699920541,50.8968824897593
2019-08-11,98.3970386101096,50.8999236301513
2019-08-12,98.4283058822063,50.9346512752986
2019-08-13,98.4547817806168,50.9600538313051
2019-08-14,98.4889369879268,50.9622583449211
2019-08-15,98.5439151074524,51.0111995490592
2019-08-16,98.5903259747512,51.0509299003355
2019-08-17,98.6185192487958,51.0577561154201
2019-08-18,98.6131718844481,51.0399186213882
2019-08-19,98.6186437727244,51.0216387086852
2019-08-20,98.5899753229644,50.976728592247
2019-08-21,98.5832679290967,50.9625951918791
2019-08-22,98.574491820554,50.9500818274543
2019-08-23,98.5541530786821,50.9325171659586
2019-08-24,98.5718586159542,50.9330402955189
2019-08-25,98.5894075275509,50.9235099932479
2019-08-26,98.5935554694366,50.9000500690407
2019-08-27,98.5837940447945,50.9228458666004
2019-08-28,98.5807667516611,50.9565546783683
2019-08-29,98.584108983347,50.9588157668748
2019-08-30,98.5572226677415,50.9359636498271
2019-08-31,98.5641968020921,50.9902347126309
2019-09-01,98.6011390928155,51.0660130138217
2019-09-02,98.6028132721579,51.0853341458663
2019-09-03,98.6054007284232,51.1102548087476
2019-09-04,98.6037907003939,51.1119876185863
2019-09-05,98.5901867513088,51.0952024730998
2019-09-06,98.6037568956585,51.1476354552885
2019-09-07,98.6341905840482,51.2009826712865
2019-09-08,98.6345895179359,51.2668701618913
2019-09-09,98.623059357574,51.2884310459384
2019-09-10,98.6318907178736,51.2978928059683
2019-09-11,98.6408957960186,51.2987626830415
2019-09-12,98.6742195426778,51.3379711405009
2019-09-13,98.6816650055255,51.3530277852335
2019-09-14,98.6691017213583,51.3014983301438
2019-09-15,98.6833225718288,51.3345166177913
2019-09-16,98.704525369882,51.3755186428091
2019-09-17,98.7248550509218,51.4106647647141
2019-09-18,98.7152504688684,51.3991829853232
2019-09-19,98.7074218762123,51.3416877942261
2019-09-20,98.735433266746,51.3457006325288
2019-09-21,98.7563654163136,51.3760333259024
2019-09-22,98.7784281799038,51.4122427889528
2019-09-23,98.7922333460643,51.4123947518485
2019-09-24,98.7708569453396,51.3683633434571
2019-09-25,98.7694218526523,51.3539235994158
2019-09-26,98.7317528164147,51.3317538546375
2019-09-27,98.6800116194149,51.2573378861569
2019-09-28,98.6359414734206,51.1981026415403
2019-09-29,98.6505816727125,51.1707881059714
2019-09-30,98.6541327048225,51.1565623452215
2019-10-01,98.6452037789066,51.1655343444832
2019-10-02,98.6491462117009,51.1742487256115
2019-10-03,98.6490491160687,51.1925428652358
2019-10-04,98.6563101899833,51.1967717518806
2019-10-05,98.6357261919582,51.2172442867665
2019-10-06,98.6101044924876,51.201475203744
2019-10-07,98.5932046967445,51.1938239448038
2019-10-08,98.5500058502826,51.1519548794016
2019-10-09,98.5265784088255,51.1362714643092
2019-10-10,98.5423012144289,51.1547004826606
2019-10-11,98.4974042794997,51.0630467123538
2019-10-12,98.4738013267777,50.9945791506746
2019-10-13,98.4014745783462,50.8941152163277
2019-10-14,98.3969181360836,50.9293347249652
2019-10-15,98.4397368417985,50.9189922416521
2019-10-16,98.4886094355942,50.9545044353994
2019-10-17,98.4971701639559,50.962782514202
2019-10-18,98.5244513529386,50.9944195103702
2019-10-19,98.5695758523224,51.0604481367555
2019-10-20,98.6018301721397,51.1347203558199
2019-10-21,98.604648070933,51.1461398773341
2019-10-22,98.6055762090925,51.1119987969374
2019-10-23,98.6128039058601,51.1272327340097
2019-10-24,98.5980530177744,51.1504242871254
2019-10-25,98.6015561165454,51.163659075375
2019-10-26,98.6073788648012,51.1938998812021
2019-10-27,98.5989116462976,51.1798340167925
2019-10-28,98.5959016615502,51.1642049878468
2019-10-29,98.6242341374298,51.1875255636644
2019-10-30,98.6224701950813,51.1935656160667
2019-10-31,98.616569786565,51.208255094634
2019-11-01,98.6050891885582,51.1487715872482
2019-11-02,98.5811518215311,51.1160217938843
2019-11-03,98.5647402775788,51.0868670088984
2019-11-04,98.5461564963094,51.0474505153559
2019-11-05,98.5413009010342,51.0735191604351
2019-11-06,98.5407525562041,51.0627901006795
2019-11-07,98.5368301420216,51.0830623679247
2019-11-08,98.5177787922081,51.0777173007883
2019-11-09,98.5107925706773,51.0143578252329
2019-11-10,98.4987335582557,50.9897912965839
2019-11-11,98.4738684452848,50.969365668562
2019-11-12,98.455388888025,50.9380677766622
2019-11-13,98.4593667313501,50.937131888103
2019-11-14,98.4478365229945,50.9396198121324
2019-11-15,98.4322942748486,50.9386794588879
2019-11-16,98.4148780580461,50.9315900982951
2019-11-17,98.4060381973308,50.9601470586002
2019-11-18,98.4237775784183,50.9755712483396
2019-11-19,98.449186015301,50.9285963391679
2019-11-20,98.5004042233538,50.8991765192877
2019-11-21,98.5486163178729,50.8965654991781
2019-11-22,98.5917957777123,50.9301632833277
2019-11-23,98.5965622430092,50.9589777577534
2019-11-24,98.6278879761949,50.9792133284234
2019-11-25,98.6543107092202,50.9695347250555
2019-11-26,98.6827322009351,50.9960862162905
2019-11-27,98.6831983446704,50.9849853708418
2019-11-28,98.6551972969203,50.9399858163706
2019-11-29,98.6393812536099,50.9557962603272
2019-11-30,98.645732363848,50.9396867463689
2019-12-01,98.6728648023825,50.9446519377534
2019-12-02,98.6758072783797,50.956183219138
2019-12-03,98.675150810455,50.8959501335755
2019-12-04,98.6305729279759,50.8717848767123
2019-12-05,98.5870631593913,50.8379196457825
2019-12-06,98.5262937580963,50.794844596232
2019-12-07,98.5164448680177,50.7794989758371
2019-12-08,98.51489797207,50.7792792281269
2019-12-09,98.5000470241912,50.7597624238482
2019-12-10,98.4878343507609,50.7217620717782
2019-12-11,98.4669578991192,50.6788189992378
2019-12-12,98.4659109843763,50.6889034648731
2019-12-13,98.4481052217944,50.7024647543102
2019-12-14,98.4626287313518,50.7464176094947
2019-12-15,98.4836618967139,50.7558551563102
2019-12-16,98.4507609970024,50.7204716212419
2019-12-17,98.450283714327,50.747249130357
2019-12-18,98.4667898542161,50.7893825197589
2019-12-19,98.4730918837081,50.8261742075633
2019-12-20,98.4878476065186,50.8647375100231
2019-12-21,98.4874030213453,50.8351760043649
2019-12-22,98.5085253612231,50.8115391188827
2019-12-23,98.5247226057033,50.8009437312872
2019-12-24,98.5340756620093,50.8291030666792
2019-12-25,98.550753834225,50.8348973436184
2019-12-26,98.5290518562307,50.8023107824395
2019-12-27,98.547831773723,50.8307493914403
2019-12-28,98.5205505343114,50.7817347217221
2019-12-29,98.5063263928501,50.7789643455861
2019-12-30,98.5004235336104,50.7994622099907
2019-12-31,98.4839566210654,50.8188819361308
2020-01-01,98.4831532360644,50.8357166681873
2020-01-02,98.4600977362722,50.8158949392166
2020-01-03,98.4604464581038,50.7913442685382
2020-01-04,98.4706205578567,50.8088653595229
2020-01-05,98.4838676327902,50.8497608243971
2020-01-06,98.4946621712845,50.8622838460426
2020-01-07,98.5251453464452,50.8683947554449
2020-01-08,98.546032521364,50.8602257092716
2020-01-09,98.5765764207527,50.8293264683203
2020-01-10,98.611798550406,50.8864680676222
2020-01-11,98.6395554940984,50.9068249661245
2020-01-12,98.6621209475218,50.8700985803904
2020-01-13,98.664299162735,50.8268735680231
2020-01-14,98.6637027185534,50.8199079473458
2020-01-15,98.7068971687566,50.837516794293
2020-01-16,98.7423803076364,50.8536130982624
2020-01-17,98.7933976029608,50.8880744023369
2020-01-18,98.7924144099035,50.8843454628998
2020-01-19,98.7966434738783,50.870673860541
2020-01-20,98.7915573939279,50.8815253872336
2020-01-21,98.8101212161345,50.8928713706556
2020-01-22,98.8177974675226,50.9032370654204
2020-01-23,98.8075570548345,50.8538057439059
2020-01-24,98.8124777867741,50.8509692945192
2020-01-25,98.8285922151321,50.8610138337511
2020-01-26,98.8520657020643,50.9019155342959
2020-01-27,98.8870162899236,50.9513585109823
2020-01-28,98.8851476925879,50.9304260821165
2020-01-29,98.9131038672302,50.8794789443815
2020-01-30,98.9295105318985,50.8889078631365
2020-01-31,98.9258567103673,50.8860983290558
2020-02-01,98.9087166217908,50.9031044211615
2020-02-02,98.9028887472858,50.9127093405323
2020-02-03,98.92875848315,50.9402535993643
2020-02-04,98.9008295405793,51.0166329899392
2020-02-05,98.8599175286134,51.0428063883299
2020-02-06,98.8403175668746,51.0199557165475
2020-02-07,98.8143547321573,51.0130035440965
2020-02-08,98.8178028119735,50.9969846121779
2020-02-09,98.8074275930117,50.9997557159865
2020-02-10,98.8094099327339,51.010390602367
2020-02-11,98.7951660613633,50.9779692158781
2020-02-12,98.8100249709827,50.9801542208724
2020-02-13,98.8378927914272,51.0042942573343
2020-02-14,98.8036058748051,50.9160061565546
2020-02-15,98.7730005061875,50.8783192950601
2020-02-16,98.7800187690588,50.800329134292
2020-02-17,98.8428059088354,50.8783203559343
2020-02-18,98.8558707360043,50.8799004337523
2020-02-19,98.8458685347897,50.8745863808027
2020-02-20,98.8597716240575,50.9061228790775
2020-02-21,98.8397501699749,50.8789846186242
2020-02-22,98.8592304654448,50.9416420731548
2020-02-23,98.8759776638656,50.9588829577601
2020-02-24,98.8811039651265,50.9236901589089
2020-02-25,98.8648499476593,50.8890158315183
2020-02-26,98.8763016750296,50.8921011627682
2020-02-27,98.9241751425405,50.9281129503988
2020-02-28,98.9308126027139,50.894064953944
2020-02-29,98.9236199128713,50.8745043539833
2020-03-01,98.9237294736045,50.8688006283783
2020-03-02,98.9364715100205,50.9155492578991
2020-03-03,98.9397750247157,50.9208302723893
2020-03-04,98.9083475961882,50.9153492262051
2020-03-05,98.9420782541186,50.9580252607812
2020-03-06,98.9620758456354,51.0206472735749
2020-03-07,98.9796351338737,51.0016804600827
2020-03-08,98.9424852367159,50.928514310876
2020-03-09,98.9205307543139,50.9244493068724
2020-03-10,98.9290709368831,50.9579618256082
2020-03-11,98.9465052552743,50.989408672554
2020-03-12,98.9459548253316,51.0159430098136
2020-03-13,98.9408393426189,51.0143749116892
2020-03-14,98.9492515744631,50.9712103741872
2020-03-15,98.949386435901,50.9811888545599
2020-03-16,98.9235257082059,50.977184449222
2020-03-17,98.8748788340641,50.915594898882
2020-03-18,98.836371455823,50.9152980651023
2020-03-19,98.8107937543763,50.9149463184838
2020-03-20,98.8095962381164,50.9305479774395
2020-03-21,98.812946840997,50.9445917015127
2020-03-22,98.8023547718272,50.8998764852958
2020-03-23,98.8106041535194,50.8983512774958
2020-03-24,98.8240571417112,50.8805659578803
2020-03-25,98.8292948016892,50.8396232369736
2020-03-26,98.8581321103862,50.8641509198472
2020-03-27,98.8668784406385,50.8954952658013
2020-03-28,98.8580005815894,50.8854185883673
2020-03-29,98.8502404344631,50.877785369735
2020-03-30,98.8307336914055,50.8903951471226
2020-03-31,98.8385630587798,50.8727148100039
2020-04-01,98.8554485043165,50.866759958518
2020-04-02,98.8833512139307,50.8925569719791
2020-04-03,98.8929342840364,50.8745996519691
2020-04-04,98.9523947212005,50.9435254165485
2020-04-05,99.0029858850461,51.0094955164079
2020-04-06,99.0246207028233,51.0159209983938
2020-04-07,99.0476536806987,51.041138294352
2020-04-08,99.0958438051998,51.0589240811595
2020-04-09,99.1265613404306,51.1060732602588
2020-04-10,99.1453945189023,51.1423729646344
2020-04-11,99.1993131227024,51.2058199425989
2020-04-12,99.219066751413,51.2558810248853
2020-04-13,99.2372911853437,51.2475185982503
2020-04-14,99.2612198331244,51.2724377561925
2020-04-15,99.2617445341459,51.2674746564092
2020-04-16,99.2645992527728,51.2439367502126
2020-04-17,99.2509151205814,51.1826960389137
2020-04-18,99.2494551480586,51.1835466743169
2020-04-19,99.2251707115038,51.1753827184627
2020-04-20,99.1675686384716,51.1360307401882
2020-04-21,99.1368513376556,51.1069464341605
2020-04-22,99.1228541875181,51.0997452298214
2020-04-23,99.0892647869124,51.0773544395262
2020-04-24,99.0126758199385,50.9712005727875
2020-04-25,98.9748049039061,50.8979228763703
2020-04-26,98.9507839573667,50.8871195211351
2020-04-27,98.9305618346275,50.8863676419868
2020-04-28,98.9259006133969,50.8975320200071
2020-04-29,98.9457391142503,50.9216800731854
2020-04-30,98.9635194049992,50.965141173515
2020-05-01,98.939827391336,50.9534466148662
2020-05-02,98.9372701063871,50.9744983266224
2020-05-03,98.913791426525,50.9468897021355
2020-05-04,98.9406842593958,50.9643648342199
2020-05-05,98.9896244253933,50.9899812814927
2020-05-06,99.0002817888888,50.9675036184488
2020-05-07,99.0003069851579,50.9361398547952
2020-05-08,98.9996142566538,50.9114203632048
2020-05-09,98.9860721248079,50.8941163842904
2020-05-10,98.9493098006077,50.8703582093902
2020-05-11,98.918869144146,50.8191846204496
2020-05-12,98.9013023197358,50.7991018261812
2020-05-13,98.8640612388063,50.7807738468156
2020-05-14,98.8546090490365,50.8009763232429
2020-05-15,98.8261583165725,50.7842691423996
2020-05-16,98.8215043870356,50.744187221967
2020-05-17,98.8615731273283,50.7648511604932
2020-05-18,98.8812831679928,50.7831164685465
2020-05-19,98.9265362182575,50.8077697376801
2020-05-20,98.9127563576421,50.7850149200349
2020-05-21,98.9276297896355,50.8443373307569
2020-05-22,98.921211152675,50.8307788076202
2020-05-23,98.9553008003569,50.8882542421932
2020-05-24,98.9823191342923,50.9307546697547
2020-05-25,99.0045752920966,50.9339263164561
2020-05-26,99.0238534724055,50.9368972415153
2020-05-27,99.0357551502707,50.9802412275877
2020-05-28,99.0662463459332,51.0001438330392
2020-05-29,99.0430442674079,50.9709396915656
2020-05-30,99.0027321177056,50.9859830394284
2020-05-31,98.9892334152582,50.9746483674222
2020-06-01,98.9837529182383,50.9432036842355
2020-06-02,98.9828449427887,50.9709309383165
2020-06-03,98.9767012279626,50.9829057531749
2020-06-04,98.9595834177355,51.0058371824818
2020-06-05,98.9626109629143,50.9765638649205
2020-06-06,98.9621692430477,50.9626143636851
2020-06-07,98.9611506363399,50.9343409272003
2020-06-08,98.9773812716337,50.9685603109587
2020-06-09,98.9777318526993,50.9951755994838
2020-06-10,98.9477265049951,51.0060309985246
2020-06-11,98.932918963582,51.0132879103629
2020-06-12,98.911608191387,51.0412780426272
2020-06-13,98.852545704639,51.1066030005615
2020-06-14,98.8074890505229,51.1004972325002
2020-06-15,98.7945486684626,51.0963787440746
2020-06-16,98.7894549174945,51.1458249334747
2020-06-17,98.778847783462,51.1739949362448
2020-06-18,98.7839484113832,51.1604182445366
2020-06-19,98.779340206977,51.1297889257711
2020-06-20,98.8179510396893,51.1598771132653
2020-06-21,98.8484784655283,51.1680882996471
2020-06-22,98.85463071147,51.1421399450905
2020-06-23,98.8618444202049,51.1559888506543
2020-06-24,98.8700204100489,51.1811535096735
2020-06-25,98.8689302764913,51.1926991330036
2020-06-26,98.8913062594304,51.1835322447051
2020-06-27,98.9205196252897,51.1983362933695
2020-06-28,98.950066422294,51.1721815778409
2020-06-29,98.9786314196602,51.1824922348273
2020-06-30,98.9829528549521,51.198826603468
2020-07-01,98.9751251057385,51.1603081063736
2020-07-02,98.9705348597504,51.1275372280309
2020-07-03,98.9903141792144,51.1134399857444
2020-07-04,99.0016265402277,51.096196418443
2020-07-05,99.0023772702777,51.0777599312411
2020-07-06,99.0204056441757,51.0500528450652
2020-07-07,99.0336678972419,51.034094738367
2020-07-08,99.0505328091788,51.0163499312246
2020-07-09,99.0719276992691,51.0604648269191
2020-07-10,99.0612176583998,51.0862706907541
2020-07-11,99.0497140090427,51.0854518558564
2020-07-12,99.0037832541957,51.0327771759333
2020-07-13,98.9715287890859,51.0430977683411
2020-07-14,98.953872523153,51.0204511250364
2020-07-15,98.9204453957443,50.9718907677631
2020-07-16,98.8960035681723,50.9695776763716
2020-07-17,98.9285530651198,51.0165377371139
2020-07-18,98.9659035480819,51.069660469145
2020-07-19,98.9880506730869,51.0852888283233
2020-07-20,98.9848295231665,51.0898107545233
2020-07-21,98.9798567708024,51.07952816904
2020-07-22,98.9751884575978,51.0950581289503
2020-07-23,98.9547193835842,51.0840206951484
2020-07-24,98.9495459784851,51.133426688371
2020-07-25,98.9685195363431,51.1751937285692
2020-07-26,98.9705895463241,51.1682102815273
2020-07-27,98.9523180615115,51.1668541672463
2020-07-28,98.9204080420821,51.1397477620557
2020-07-29,98.9110932814466,51.151345229695
2020-07-30,98.8854142261415,51.145237146151
2020-07-31,98.8556548643075,51.1586489365537
2020-08-01,98.8313152128295,51.1687570760004
2020-08-02,98.8342323815604,51.1657311809069
2020-08-03,98.8286876909285,51.1720871188463
2020-08-04,98.8371824759223,51.1947370865295
2020-08-05,98.8194979975961,51.1699963893853
2020-08-06,98.7965394276765,51.1788410143253
2020-08-07,98.76503512329,51.1663577608633
2020-08-08,98.756590327802,51.1528061988665
2020-08-09,98.7392360629043,51.1683270248245
2020-08-10,98.7350765052615,51.1448978542105
2020-08-11,98.7184417021491,51.0995798381276
2020-08-12,98.721200251795,51.097131780281
2020-08-13,98.726244557341,51.0927913231464
2020-08-14,98.737896461143,51.1023394384451
2020-08-15,98.7232039595322,51.1113992537581
2020-08-16,98.6988293400321,51.1193329579594
2020-08-17,98.6928405392504,51.1363867867981
2020-08-18,98.7204571089895,51.1349744814086
2020-08-19,98.7363201071719,51.1633691662281
2020-08-20,98.728276383169,51.1426182305855
2020-08-21,98.7516768077812,51.1912853260722
2020-08-22,98.7518789344633,51.1801347854385
2020-08-23,98.7282861571208,51.2057019052697
2020-08-24,98.7181459547495,51.2044680306612
2020-08-25,98.7116040321581,51.1628750640554
2020-08-26,98.7049560912256,51.153049852893
2020-08-27,98.70515862721,51.1416667517776
2020-08-28,98.7031390818031,51.1626111697351
2020-08-29,98.7052148071849,51.1566182312649
2020-08-30,98.6909064885449,51.172444356421
2020-08-31,98.6305107776816,51.09276395885
2020-09-01,98.6307943618742,51.0136706084067
2020-09-02,98.6415823170664,50.9807509932837
2020-09-03,98.624936073695,50.9481669054528
2020-09-04,98.6185930869513,50.9467687514039
2020-09-05,98.6192590363127,50.9616843614683
2020-09-06,98.619317387889,50.9628555484714
2020-09-07,98.5961419644746,50.9218196179476
2020-09-08,98.5529525307717,50.8605049695667
2020-09-09,98.5227709773066,50.8813671982875
2020-09-10,98.5058535769096,50.8976716575636
2020-09-11,98.5160694661025,50.8842804749381
2020-09-12,98.5278072819245,50.8830921682425
2020-09-13,98.5490309392,50.8746126435232
2020-09-14,98.5507764292653,50.8358780668067
2020-09-15,98.5629343668341,50.8194093602679
2020-09-16,98.5373835301608,50.7608811056228
2020-09-17,98.5116316079897,50.7350567587822
2020-09-18,98.4979238298552,50.7478008317973
2020-09-19,98.4864973866804,50.7417961121276
2020-09-20,98.4728428841025,50.7928829766077
2020-09-21,98.4769800626598,50.7919300057753
2020-09-22,98.4581544218337,50.7628032354507
2020-09-23,98.4009904055284,50.6717441721348
2020-09-24,98.3686245228431,50.6574426629368
2020-09-25,98.3109734625374,50.6581085293873
2020-09-26,98.2719672732028,50.6370023070618
2020-09-27,98.2641013044536,50.6342405717035
2020-09-28,98.2701136063446,50.609033985962
2020-09-29,98.2541921096016,50.5787382160865
2020-09-30,98.250011673446,50.5873882442646
2020-10-01,98.275457584283,50.5968840372694
2020-10-02,98.273179090888,50.582355280398
2020-10-03,98.2838155397889,50.6351687542526
2020-10-04,98.2774021011415,50.5899354487207
2020-10-05,98.284811792926,50.6122223519334
2020-10-06,98.2790641446715,50.603446773137
2020-10-07,98.2835051530344,50.6152780482594
2020-10-08,98.2685940784847,50.581860532
2020-10-09,98.2793556323121,50.5418317540956
2020-10-10,98.2811818618492,50.5298920864833
2020-10-11,98.2858613521905,50.5661823977491
2020-10-12,98.2850062917677,50.587102466026
2020-10-13,98.2745426413985,50.5638337551564
2020-10-14,98.298344467306,50.5747987717584
2020-10-15,98.3163991256692,50.5805257300665
2020-10-16,98.3467478867273,50.5713031803727
2020-10-17,98.3848456603351,50.5676721580337
2020-10-18,98.40126680581,50.5708530641236
2020-10-19,98.4668192970004,50.6598511622893
2020-10-20,98.4902354793623,50.694064612058
2020-10-21,98.4931066970486,50.734504360363
2020-10-22,98.5033343717485,50.7601116228822
2020-10-23,98.4945481238154,50.7873087588156
2020-10-24,98.4789855716958,50.7639601010976
2020-10-25,98.4822578915181,50.7347216267048
2020-10-26,98.467782355484,50.7150963652095
2020-10-27,98.4675874691852,50.7342614025771
2020-10-28,98.4633703047354,50.7354460330463
2020-10-29,98.4572695776806,50.7341184957483
2020-10-30,98.4908484290877,50.7755417820048
2020-10-31,98.513297416102,50.8195034319468
2020-11-01,98.5473812665388,50.877317798827
2020-11-02,98.5874154098858,50.8954513079781
2020-11-03,98.5839720132783,50.8854110777041
2020-11-04,98.5558603376541,50.860031094106
2020-11-05,98.5465896629106,50.8348342632893
2020-11-06,98.5378433789564,50.7941920872458
2020-11-07,98.5172104249956,50.7739381051598
2020-11-08,98.5224041712613,50.8464113763478
2020-11-09,98.5244088312552,50.8477649453573
2020-11-10,98.5199729520134,50.8745249000024
2020-11-11,98.5150196852929,50.8763899535649
2020-11-12,98.5132301131195,50.9029534034327
2020-11-13,98.523523019436,50.8957102758216
2020-11-14,98.5728720234479,50.9331049166713
2020-11-15,98.5899449072185,50.9154164930861
2020-11-16,98.5983526297503,50.9011578622503
2020-11-17,98.6078322934125,50.8745336356256
2020-11-18,98.6305628976537,50.8769519151122
2020-11-19,98.6501649646126,50.9013814155802
2020-11-20,98.6907446980208,50.9490790447913
2020-11-21,98.6737411627687,50.9127325395465
2020-11-22,98.6605487994159,50.9188601391223
2020-11-23,98.6584761713977,50.9409476168115
2020-11-24,98.6581241529182,50.9533069161457
2020-11-25,98.6572372189207,50.9480246596555
2020-11-26,98.6543895497903,50.9521542493072
2020-11-27,98.6294896881404,50.9191459889582
2020-11-28,98.6381483135149,50.9153076572694
2020-11-29,98.669018659715,50.9599745637628
2020-11-30,98.6652304629519,50.9714525062248
2020-12-01,98.6581282460472,50.9649578326083
2020-12-02,98.6787763773688,50.9639392802145
2020-12-03,98.7312498913517,51.02912020154
2020-12-04,98.7468004835443,51.0660358941615
2020-12-05,98.7737725450797,51.0178365084284
2020-12-06,98.7954059681246,50.9505616363069
2020-12-07,98.8434612712368,50.9685248539855
2020-12-08,98.8721606433729,50.9888267330359
2020-12-09,98.8850691430788,50.9907553748106
2020-12-10,98.8919764979127,50.9795190447997
2020-12-11,98.9022545587829,50.9863271602797
2020-12-12,98.9340385837401,51.0017675531532
2020-12-13,98.9818220963075,51.0854509007434
2020-12-14,98.9963690017217,51.1020576129833
2020-12-15,99.0074982012255,51.078808688493
2020-12-16,99.0137969362864,51.0296661311402
2020-12-17,99.0059831810597,51.0088923077028
2020-12-18,99.0106442117227,51.002880706427
2020-12-19,99.0158210173061,50.9884020896584
2020-12-20,99.0268195558724,51.011490191921
2020-12-21,99.039318466115,51.0366291122719
2020-12-22,99.0733781233662,51.074494740233
2020-12-23,99.0728461959532,51.0397825390879
2020-12-24,99.0488318698818,51.0053072362494
2020-12-25,98.9995526266641,50.9817652492195
2020-12-26,98.9791507554483,50.9741002182853
2020-12-27,98.9852573295455,51.0076247693714
2020-12-28,98.9722170769808,51.0253153043155
2020-12-29,98.9517682268971,51.0185833235262
2020-12-30,98.960782734197,51.0457731197108
2020-12-31,98.9616298092437,51.0705373996709
2021-01-01,98.9549357289553,51.0585357062091
2021-01-02,98.92257242558,51.0635044253686
2021-01-03,98.9353890039968,51.1246969384571
2021-01-04,98.9688166451812,51.1887005769958
2021-01-05,99.0000716927971,51.2048522032723
2021-01-06,99.0305160806423,51.2186154127535
2021-01-07,99.0479122251029,51.2305996514765
2021-01-08,99.0503537244188,51.21787515873
2021-01-09,99.0528370344918,51.1818460519341
2021-01-10,99.0545392997504,51.1755154651359
2021-01-11,99.0275533036456,51.1265978038045
2021-01-12,98.9875696633164,51.0952013646022
2021-01-13,98.9715267447624,51.1205777247882
2021-01-14,99.0107038542676,51.1346462408876
2021-01-15,99.001996014844,51.0999015309249
2021-01-16,99.0031543172222,51.0867207127958
2021-01-17,98.9867335932865,51.0764056326908
2021-01-18,98.9960596885265,51.1102916226615
2021-01-19,98.9845637812807,51.107240650639
2021-01-20,98.95778453128,51.1187329265037
2021-01-21,98.9311155754437,51.1111500344425
2021-01-22,98.8586413605704,51.0153589670671
2021-01-23,98.7931942043441,50.9543475241514
2021-01-24,98.7822668015491,50.9607351416383
2021-01-25,98.8011953000057,50.9824492606125
2021-01-26,98.8313427222894,51.0316159867264
2021-01-27,98.8469258982773,51.0563059912879
2021-01-28,98.875571692458,51.0685847137601
2021-01-29,98.9025471008947,51.1129605684617
2021-01-30,98.9140537433081,51.1088027095844
2021-01-31,98.884828559566,51.1053410963939
2021-02-01,98.8630967956175,51.1007713657394
2021-02-02,98.8404925710895,51.0952693601899
2021-02-03,98.8555719507232,51.1523790926854
2021-02-04,98.8897974333831,51.2165308283782
2021-02-05,98.9249985767303,51.2034994662504
2021-02-06,98.9326009632412,51.1851510527752
2021-02-07,98.9001307697814,51.1254237087066
2021-02-08,98.9107919157548,51.158546620821
2021-02-09,98.9025459052151,51.1549860309722
2021-02-10,98.9028775579552,51.1496281923046
2021-02-11,98.9308118929517,51.1843414704327
2021-02-12,98.9400301281817,51.1883534907665
2021-02-13,98.9358777548616,51.1503754007857
2021-02-14,98.946929968118,51.1421387356843
2021-02-15,98.9100434123116,51.0618853298516
2021-02-16,98.8457085208033,50.9839215280246
2021-02-17,98.800405030314,50.9660092605086
2021-02-18,98.7612061081234,50.9436860069039
2021-02-19,98.7705810702338,50.9679255379567
2021-02-20,98.7745948131546,51.0029719765734
2021-02-21,98.7677742227672,50.9906109237303
2021-02-22,98.769987574352,50.9543547039623
2021-02-23,98.7619934858736,50.9692348325096
2021-02-24,98.7239276631462,50.931665623921
2021-02-25,98.6854770248949,50.8788327416543
2021-02-26,98.6638848366699,50.8621767052293
2021-02-27,98.6470798629476,50.8434849678172
2021-02-28,98.6129455345988,50.8099513615754
2021-03-01,98.5918422731833,50.808949987616
2021-03-02,98.5531322012311,50.7761783624889
2021-03-03,98.5349245202642,50.8011191904957
2021-03-04,98.5035314598188,50.7786907122878
2021-03-05,98.4886383206632,50.8085375182172
2021-03-06,98.471180312728,50.7919289801702
2021-03-07,98.4442256319654,50.7781945824656
2021-03-08,98.4473119256849,50.7658797626324
2021-03-09,98.4050029184499,50.6944732602013
2021-03-10,98.3944790528325,50.6568963475504
2021-03-11,98.4168631112244,50.7244928524199
2021-03-12,98.4584799882468,50.7805035088589
2021-03-13,98.4666304066311,50.8091680106468
2021-03-14,98.4606738719867,50.7809930907473
2021-03-15,98.4764402481992,50.7985527506748
2021-03-16,98.4687754253589,50.7905620598947
2021-03-17,98.4667923875342,50.8198137539767
2021-03-18,98.443183355523,50.8013766767511
2021-03-19,98.452796592002,50.8161675346736
2021-03-20,98.4740770869043,50.8020940012293
2021-03-21,98.4528639590502,50.7880249383776
2021-03-22,98.4390541529119,50.7945337435726
2021-03-23,98.4443784116815,50.819654755898
2021-03-24,98.4277007296426,50.828225728767
2021-03-25,98.4015848136163,50.8399244799323
2021-03-26,98.4016440606318,50.8714860162317
2021-03-27,98.402113953779,50.8651764938466
2021-03-28,98.3774432478167,50.8335085690152
2021-03-29,98.3742580807355,50.857795699209
2021-03-30,98.3905124455705,50.8620555937133
2021-03-31,98.4171163367314,50.8599152225133
2021-04-01,98.4898294466416,50.9413533258036
2021-04-02,98.521506139779,50.9626826995526
2021-04-03,98.5775135021519,50.9666801493365
2021-04-04,98.6073000623812,50.9521471595941
2021-04-05,98.5943214215468,50.9263765475202
2021-04-06,98.6156155288365,50.9541447357947
2021-04-07,98.6640840728032,50.9742429902764
2021-04-08,98.7066957104415,51.0023106539291
2021-04-09,98.6801857561165,50.9196741119129
2021-04-10,98.6584926950348,50.9336910464318
2021-04-11,98.6401967252459,50.9034804570504
2021-04-12,98.640765299291,50.9127681358797
2021-04-13,98.6506316714288,50.926151660786
2021-04-14,98.6384935913118,50.9541889149622
2021-04-15,98.650239787838,50.994155818941
2021-04-16,98.6362997773637,50.9918042139325
2021-04-17,98.6152247941755,51.0049304585612
2021-04-18,98.6114742588057,50.9656895319832
2021-04-19,98.633658025426,50.9445400121901
2021-04-20,98.6287485662376,50.9649883494154
2021-04-21,98.6458733744134,50.9688408143555
2021-04-22,98.6717110997372,50.998399538896
2021-04-23,98.6697635935497,51.0489817412048
2021-04-24,98.6816410006919,51.0433412924079
2021-04-25,98.7035675897165,51.0500616742571
2021-04-26,98.7463282637673,51.0645636926739
2021-04-27,98.7704336560044,51.1054137340059
2021-04-28,98.7940577097064,51.1380941392274
2021-04-29,98.7769065575783,51.1032652794594
2021-04-30,98.7798587087554,51.0845429111999
2021-05-01,98.8040472762653,51.1033898851181
2021-05-02,98.8441239908957,51.122465179778
2021-05-03,98.857394180766,51.0681256128106
2021-05-04,98.8501825481997,51.0115574484753
2021-05-05,98.8702416428277,51.0035847548093
2021-05-06,98.9162025796612,51.0120652611643
2021-05-07,98.9151653313334,51.0400404667454
2021-05-08,98.9003613066217,51.0465914951361
2021-05-09,98.9249734245543,51.016142128462
2021-05-10,98.9534869552142,51.0005176641685
2021-05-11,98.9826460380777,51.0263389329932
2021-05-12,99.0247647441459,51.0856848786093
2021-05-13,99.0289156771473,51.0941053078164
2021-05-14,99.0032437539051,51.0719633012511
2021-05-15,98.9989369014235,51.0700417753486
2021-05-16,98.9753376869696,51.0667342166296
2021-05-17,98.9563530010607,51.0387118030905
2021-05-18,98.9577673804072,51.0409965969384
2021-05-19,98.9759226097013,51.0334463039438
2021-05-20,98.9761000541568,51.0220536038541
2021-05-21,98.9982267744989,51.0109201954799
2021-05-22,99.0214818627804,51.0183091875204
2021-05-23,99.0098881888279,50.9980380565691
2021-05-24,99.0203796007687,51.0231555405165
2021-05-25,98.9817641132322,51.0028942418756
2021-05-26,98.9776512656192,51.0050374661649
2021-05-27,98.9881316094948,51.0151722317631
2021-05-28,98.9706088179064,51.0048077925648
2021-05-29,98.9507761407981,50.9967971048118
2021-05-30,98.9579839143044,51.0082561049501
2021-05-31,98.962497784224,51.0075739368226
2021-06-01,98.9561222517278,50.9973202368759
2021-06-02,98.9130334232681,50.9055152758574
2021-06-03,98.9059487853642,50.9191974969325
2021-06-04,98.8902609696339,50.9166292389137
2021-06-05,98.8546493408666,50.9149589724914
2021-06-06,98.8508961392414,50.9430722056423
2021-06-07,98.8785452643416,50.9405104137364
2021-06-08,98.9126292611915,50.9466887363403
2021-06-09,98.8909142167094,50.8860980148575
2021-06-10,98.9069998591823,50.8893851016187
2021-06-11,98.9259380311759,50.8902780248242
2021-06-12,98.992440840379,50.976924068433
2021-06-13,99.0329347003458,51.0136391652171
2021-06-14,99.0731933452269,51.0285393003057
2021-06-15,99.0810447076822,50.997302173301
2021-06-16,99.0885325240664,50.9731417630645
2021-06-17,99.0855200225039,50.9359131123169
2021-06-18,99.0632996328002,50.9194916717808
2021-06-19,99.0758310952888,50.9200342074354
2021-06-20,99.1322443320909,50.9702379009933
2021-06-21,99.1354912209295,50.9391017609335
2021-06-22,99.1293432842228,50.9518411270074
2021-06-23,99.1206743803428,50.9583968771486
2021-06-24,99.1466465230669,50.9865246866281
2021-06-25,99.1456783149565,50.9748449492956
2021-06-26,99.1470503223747,50.9552499693107
2021-06-27,99.170269196735,51.0010840790424
2021-06-28,99.1824348913078,51.0416195714005
2021-06-29,99.1858546297717,51.0349899657956
2021-06-30,99.1818426921155,51.0240543840161
2021-07-01,99.1577196795684,51.0392456753162
2021-07-02,99.1769380126826,51.0921469785898
2021-07-03,99.2138511885232,51.1655890866604
2021-07-04,99.2761103782064,51.2643786877459
2021-07-05,99.3444118530461,51.3454649426446
2021-07-06,99.3524721675953,51.3680641186269
2021-07-07,99.3648618350986,51.3426738504678
2021-07-08,99.3638880674744,51.3393060800782
2021-07-09,99.3674479721703,51.3590937172798
2021-07-10,99.3481965766117,51.3411195553646
2021-07-11,99.3608493196458,51.3541325393094
2021-07-12,99.3744673070647,51.3821974778233
2021-07-13,99.3880465224469,51.3801934680263
2021-07-14,99.3787406399093,51.3560527624443
2021-07-15,99.3474329852368,51.4049555155784
2021-07-16,99.3518246072589,51.4413930399295
2021-07-17,99.3461692577387,51.4542991424533
2021-07-18,99.2907396525232,51.4529429686788
2021-07-19,99.249482097726,51.3880472361132
2021-07-20,99.2341423723514,51.3649325276329
2021-07-21,99.2369525392523,51.3546536618888
2021-07-22,99.250526429286,51.3697078157267
2021-07-23,99.2687519989352,51.3718414715355
2021-07-24,99.2599279117949,51.3656797300396
2021-07-25,99.2884187569407,51.3621172098433
2021-07-26,99.2892205929532,51.358830583639
2021-07-27,99.2523483510218,51.3698829446488
2021-07-28,99.2306960532754,51.3489424747639
2021-07-29,99.246237527316,51.3291271289463
2021-07-30,99.2609812397882,51.3203592567788
2021-07-31,99.2482568233297,51.296445443032
2021-08-01,99.23436728672,51.2842376231921
2021-08-02,99.2024554229699,51.2647343076927
2021-08-03,99.1758667094644,51.2666416921189
2021-08-04,99.2009042913386,51.3366256114259
2021-08-05,99.202353420231,51.3507926188868
2021-08-06,99.2038025581977,51.3466138626415
2021-08-07,99.2066032035694,51.3688138714106
2021-08-08,99.2004131494934,51.4147901990725
2021-08-09,99.2115616714795,51.4195368286567
2021-08-10,99.2320382763564,51.437843699024
2021-08-11,99.2614293959382,51.4770403940326
2021-08-12,99.252189395781,51.4542977783196
2021-08-13,99.2678680580133,51.4676400008111
2021-08-14,99.276102971542,51.5200208178055
2021-08-15,99.2707894750315,51.5780371827681
2021-08-16,99.3047349371675,51.6220092955599
2021-08-17,99.325588821968,51.6386698385927
2021-08-18,99.3465073026717,51.6354271417011
2021-08-19,99.3369927388899,51.590969357784
2021-08-20,99.3399011968814,51.6231673186565
2021-08-21,99.3565782961374,51.6714639621883
2021-08-22,99.3669109462256,51.6617158927837
2021-08-23,99.3731980505577,51.6496612726197
2021-08-24,99.3878228227426,51.6483659105421
2021-08-25,99.3880206854924,51.6723566014345
2021-08-26,99.3870369612398,51.654111827904
2021-08-27,99.3697228055692,51.6152426821567
2021-08-28,99.3659413341189,51.615484380406
2021-08-29,99.3923150452341,51.6568041768169
2021-08-30,99.4199769417774,51.6901540953522
2021-08-31,99.4374300573857,51.7186143123748
2021-09-01,99.4383512860573,51.740831203767
2021-09-02,99.4625729401828,51.7705646774938
2021-09-03,99.472886394304,51.7794629765411
2021-09-04,99.4695448217089,51.7473559906941
2021-09-05,99.4581151264545,51.7374763113824
2021-09-06,99.4260899883678,51.7054734658092
2021-09-07,99.4131684151176,51.6913783827672
2021-09-08,99.3640840820823,51.6251077524969
2021-09-09,99.3408609530067,51.558840153261
2021-09-10,99.3630773074595,51.5709332529225
2021-09-11,99.3744767985738,51.5947644906068
2021-09-12,99.3667545677229,51.5958489887547
2021-09-13,99.36529586448,51.6077605276935
2021-09-14,99.3344974599459,51.626324759582
2021-09-15,99.3285446475183,51.6528059173399
2021-09-16,99.3099034538732,51.6470098481048
2021-09-17,99.3379505586407,51.6813563922346
2021-09-18,99.3323069351064,51.6824594419354
2021-09-19,99.3709834081972,51.6802198888196
2021-09-20,99.372364395461,51.6482032453709
2021-09-21,99.3929339537011,51.6592209746912
2021-09-22,99.4193473758878,51.6670236513153
2021-09-23,99.4097185782222,51.6637931813409
2021-09-24,99.3983878551145,51.6725118804917
2021-09-25,99.389647290382,51.704139027364
2021-09-26,99.400798441635,51.7292652600058
2021-09-27,99.3988323267408,51.723158386443
2021-09-28,99.3620514922936,51.6906920354958
2021-09-29,99.3551155842415,51.6944124380312
2021-09-30,99.3349037403244,51.6607067787247
2021-10-01,99.315424588599,51.6201039739209
2021-10-02,99.2815754289893,51.5583999797385
2021-10-03,99.2613498967504,51.558319135481
2021-10-04,99.2337741641737,51.5533149823423
2021-10-05,99.2197613200518,51.5332080322659
2021-10-06,99.2192613346723,51.5343524176802
2021-10-07,99.2593122771957,51.5049628144839
2021-10-08,99.2603692033284,51.5061020193208
2021-10-09,99.2732070608376,51.5227288845237
2021-10-10,99.2763587597779,51.5535689791951
2021-10-11,99.2804803509178,51.5797908482766
2021-10-12,99.2778712199558,51.6081186450289
2021-10-13,99.2953245662434,51.6537353454103
2021-10-14,99.2723377916103,51.6717729612415
2021-10-15,99.2638101095255,51.7093109250753
2021-10-16,99.2699424558511,51.7446847272826
2021-10-17,99.2833991916414,51.7857801074396
2021-10-18,99.316730245216,51.7928809449454
2021-10-19,99.3346078151217,51.7666889727464
2021-10-20,99.2920084074016,51.7078279424764
2021-10-21,99.2914963386717,51.7291094137088
2021-10-22,99.2650440966992,51.6767140588304
2021-10-23,99.2438268266009,51.6433170401683
2021-10-24,99.2258933221738,51.6149291696916
2021-10-25,99.2254793378291,51.5923499447735
2021-10-26,99.2201808205246,51.5884589056171
2021-10-27,99.2120597253135,51.6576763941814
2021-10-28,99.2306321997992,51.705343633673
2021-10-29,99.2358306773653,51.7285739869361
2021-10-30,99.2475160927954,51.7837123435079
2021-10-31,99.2636440833724,51.8235360377362
2021-11-01,99.2701478758041,51.8325768970033
2021-11-02,99.311161528356,51.8891174237199
2021-11-03,99.3515352481262,51.9415290180869
2021-11-04,99.3758411493173,51.9178866639117
2021-11-05,99.3618846341138,51.886722847589
2021-11-06,99.3761177823215,51.859174099221
2021-11-07,99.3706464045905,51.8480729124762
2021-11-08,99.3625774153852,51.8390129224885
2021-11-09,99.3353751118332,51.8286909882713
2021-11-10,99.3316754938435,51.8264812231644
2021-11-11,99.3600281436186,51.8486712427491
2021-11-12,99.376117546935,51.8107288957951
2021-11-13,99.3765304911866,51.7856769489902
2021-11-14,99.3692908051183,51.808718748836
2021-11-15,99.3769417605471,51.7857097966805
2021-11-16,99.3948868586816,51.7490847297049
2021-11-17,99.4117389620992,51.7460168583711
2021-11-18,99.421350452242,51.7788781850547
2021-11-19,99.4330543880058,51.8012942861689
2021-11-20,99.4374091483409,51.8038433471915
2021-11-21,99.4451608600051,51.7921560990792
2021-11-22,99.4228014249689,51.7478299833119
2021-11-23,99.3962121998037,51.763715695345
2021-11-24,99.395115915607,51.769551543717
2021-11-25,99.4001279075037,51.7684905707477
2021-11-26,99.378743584408,51.7180706817227
2021-11-27,99.3526757020454,51.6887336350087
2021-11-28,99.33645564055,51.7051601681015
2021-11-29,99.3223585755495,51.7074886956657
2021-11-30,99.3101448673282,51.7534903538257
2021-12-01,99.3187061554518,51.7549538399229
2021-12-02,99.3149395270616,51.7300722684071
2021-12-03,99.2777662850027,51.6756592350597
2021-12-04,99.2358826424693,51.6094242032817
2021-12-05,99.2332518243903,51.6251210785651
2021-12-06,99.233351725483,51.6870892049291
2021-12-07,99.2211218461428,51.6806262084682
2021-12-08,99.2270209422997,51.6823312954853
2021-12-09,99.2406131382054,51.6989405109157
2021-12-10,99.2124302418159,51.6477212996047
2021-12-11,99.205522348935,51.630701577486
2021-12-12,99.1907711265205,51.6370265932868
2021-12-13,99.1612186679857,51.6226321332526
2021-12-14,99.1690309043627,51.63067596192
2021-12-15,99.201188291797,51.6586304469818
2021-12-16,99.1851888273111,51.6651806084333
2021-12-17,99.1461551645879,51.6434937358292
2021-12-18,99.142267569774,51.6299076290926
2021-12-19,99.1336939613619,51.624808213605
2021-12-20,99.1071822867547,51.5999826881592
2021-12-21,99.0927660023714,51.5743287734064
2021-12-22,99.0847687620591,51.5590376310364
2021-12-23,99.047110534536,51.5428004571785
2021-12-24,99.0381201025468,51.5127245309741
2021-12-25,99.0480085423557,51.4912345647663
2021-12-26,99.0626563735354,51.4654870333936
2021-12-27,99.0672900703458,51.4293278080789
2021-12-28,99.1004650021499,51.3722070415327
2021-12-29,99.1064829933758,51.3763438203656
2021-12-30,99.1219473733316,51.3671507101355
2021-12-31,99.1516646055195,51.3430319956961
2022-01-01,99.1247695396634,51.3143120763736
2022-01-02,99.1533490410144,51.3589042865075
2022-01-03,99.1458400100806,51.3404989210848
2022-01-04,99.1614411531054,51.3780382872582
2022-01-05,99.1825148667795,51.4128860943907
2022-01-06,99.1850444938277,51.4089186081191
2022-01-07,99.1811061936295,51.415819829902
2022-01-08,99.1887257946718,51.4632940442265
2022-01-09,99.2024196092801,51.5227149680818
2022-01-10,99.2413089557235,51.5715026484056
2022-01-11,99.2589062922728,51.5912814961899
2022-01-12,99.2568758247307,51.5950487484242
2022-01-13,99.2644252234547,51.5977960886446
2022-01-14,99.2789121121476,51.6041475078582
2022-01-15,99.2788865673626,51.6023353670013
2022-01-16,99.2937666354678,51.6369659171466
2022-01-17,99.3292045866874,51.6476379288708
2022-01-18,99.4035662323575,51.6927940585137
2022-01-19,99.4273025744729,51.6625622763983
2022-01-20,99.4229051514942,51.6679587771658
2022-01-21,99.4137707588288,51.6713798328945
2022-01-22,99.4048054975589,51.6644360330363
2022-01-23,99.3828581626709,51.6703815259867
2022-01-24,99.362603807813,51.6734940181931
2022-01-25,99.3813230251836,51.631513696123
2022-01-26,99.3898962563562,51.6320807974415
2022-01-27,99.3648071234988,51.6136544321325
2022-01-28,99.3322189906818,51.5487471043677
2022-01-29,99.3078065729856,51.5058430276681
2022-01-30,99.2793388245526,51.4905493073399
2022-01-31,99.2462246560152,51.4733618318515
2022-02-01,99.2043498965984,51.4601767023151
2022-02-02,99.2149055921332,51.5075248139572
2022-02-03,99.2139696608167,51.5315389699826
2022-02-04,99.2344031134504,51.5303611372805
2022-02-05,99.207040104538,51.5029718206822
2022-02-06,99.1711786929563,51.4420178596389
2022-02-07,99.1111730518982,51.3498122076404
2022-02-08,99.1339493404005,51.4022023800686
