Tech_resid,tech_losses
-0.00799949709546645,0.00799949709546645
3.0978603294583643e-06,-3.0978603294583643e-06
0.00033552387909286784,-0.00033552387909286784
8.135535314513919e-05,-8.135535314513919e-05
0.0003395314752769684,-0.0003395314752769684
3.385108922286477e-05,-3.385108922286477e-05
8.860571329900718e-05,-8.860571329900718e-05
-0.0001386729845175393,0.0001386729845175393
0.00015811638329001139,-0.00015811638329001139
0.0003836129676202336,-0.0003836129676202336
1.621167389496576e-05,-1.621167389496576e-05
6.37077918950119e-05,-6.37077918950119e-05
-2.4074297945880275e-06,2.4074297945880275e-06
8.113266905297869e-05,-8.113266905297869e-05
-0.0001980022729795438,0.0001980022729795438
0.00047766837270316157,-0.00047766837270316157
-0.00012479327427344477,0.00012479327427344477
3.1807286456479904e-05,-3.1807286456479904e-05
8.659619456433298e-05,-8.659619456433298e-05
-0.00027555907993927095,0.00027555907993927095
-0.00018176427747303788,0.00018176427747303788
0.00030614835011338263,-0.00030614835011338263
-0.00034536603146968065,0.00034536603146968065
-0.00024053784353364802,0.00024053784353364802
0.00034940484318286933,-0.00034940484318286933
-0.0001623967133339641,0.0001623967133339641
-0.0002089197375679476,0.0002089197375679476
8.606485549390161e-05,-8.606485549390161e-05
0.0008227494837974737,-0.0008227494837974737
-6.136054879089488e-05,6.136054879089488e-05
0.0002396014800557478,-0.0002396014800557478
-0.0001331518736512569,0.0001331518736512569
4.011468862777805e-05,-4.011468862777805e-05
0.0003628322118322477,-0.0003628322118322477
-6.611246497948613e-05,6.611246497948613e-05
-0.0001780948362035045,0.0001780948362035045
8.920701401856325e-05,-8.920701401856325e-05
0.00041161915389990926,-0.00041161915389990926
-0.0001787473446296486,0.0001787473446296486
-5.1204523024863246e-05,5.1204523024863246e-05
9.382830422240552e-05,-9.382830422240552e-05
-0.00017648820829583724,0.00017648820829583724
0.0001519287225569115,-0.0001519287225569115
-0.00015022625871316466,0.00015022625871316466
-0.00023770634806680624,0.00023770634806680624
-9.981418576411719e-05,9.981418576411719e-05
-0.00010829620424385621,0.00010829620424385621
-5.922041210776281e-05,5.922041210776281e-05
-0.0002751526468076093,0.0002751526468076093
0.00011997450052213322,-0.00011997450052213322
5.107853187476239e-05,-5.107853187476239e-05
8.680372310637223e-05,-8.680372310637223e-05
-5.391742755074084e-05,5.391742755074084e-05
-9.443071008556229e-05,9.443071008556229e-05
2.515916498804359e-05,-2.515916498804359e-05
9.665685442105573e-05,-9.665685442105573e-05
5.4428900845582756e-05,-5.4428900845582756e-05
-0.0003176628391558901,0.0003176628391558901
8.300994876653627e-05,-8.300994876653627e-05
0.000137721153764001,-0.000137721153764001
6.60737202572955e-05,-6.60737202572955e-05
-3.059275521171392e-05,3.059275521171392e-05
0.0002482422901164745,-0.0002482422901164745
8.064611833005284e-05,-8.064611833005284e-05
-4.07144023236755e-06,4.07144023236755e-06
0.00020912579586573627,-0.00020912579586573627
-0.00044051882074103306,0.00044051882074103306
-0.0002470962035983443,0.0002470962035983443
2.2397928708257144e-05,-2.2397928708257144e-05
0.00037193740929074694,-0.00037193740929074694
-0.0004884295696954339,0.0004884295696954339
-0.0002848641321366852,0.0002848641321366852
3.9571111057055985e-07,-3.9571111057055985e-07
-8.741788419073724e-06,8.741788419073724e-06
-0.00017780227826687554,0.00017780227826687554
-2.815642874927734e-05,2.815642874927734e-05
0.00013754085682589974,-0.00013754085682589974
5.0670564992835334e-05,-5.0670564992835334e-05
-5.879178033599177e-05,5.879178033599177e-05
0.0001652227955840847,-0.0001652227955840847
-0.0001390907877885059,0.0001390907877885059
0.00019207086327572865,-0.00019207086327572865
-0.00025664549775584924,0.00025664549775584924
0.0002727761701124358,-0.0002727761701124358
-0.0003262264234622752,0.0003262264234622752
-0.0002185197009012374,0.0002185197009012374
-0.00012999536127560843,0.00012999536127560843
-6.724120169059191e-05,6.724120169059191e-05
-0.0001648288879130102,0.0001648288879130102
-0.00014076517092892978,0.00014076517092892978
5.183922037056026e-05,-5.183922037056026e-05
0.0001692292492992626,-0.0001692292492992626
-0.00010860507877593633,0.00010860507877593633
0.00023387020888030976,-0.00023387020888030976
-6.097916336941944e-05,6.097916336941944e-05
-0.00024318638597076072,0.00024318638597076072
0.00014397333238509664,-0.00014397333238509664
-0.00016337216491955117,0.00016337216491955117
0.00030410137622060505,-0.00030410137622060505
0.0003307953108926268,-0.0003307953108926268
-0.000295948224036328,0.000295948224036328
-0.00025139947516284974,0.00025139947516284974
-2.7488780736213464e-05,2.7488780736213464e-05
-0.0003822709542275789,0.0003822709542275789
-1.7568384724791933e-06,1.7568384724791933e-06
0.0001120720356233985,-0.0001120720356233985
0.00021786984838188618,-0.00021786984838188618
-2.7410196963895697e-05,2.7410196963895697e-05
0.00027084899671407295,-0.00027084899671407295
7.188789574885006e-05,-7.188789574885006e-05
4.1365858865795725e-05,-4.1365858865795725e-05
-4.1699331733255654e-05,4.1699331733255654e-05
-5.651561076337497e-05,5.651561076337497e-05
-0.0001523831151642619,0.0001523831151642619
5.1446787350937434e-05,-5.1446787350937434e-05
0.0001749619893804666,-0.0001749619893804666
0.00034186368422757627,-0.00034186368422757627
-8.247360555144075e-05,8.247360555144075e-05
-0.00027622249799387857,0.00027622249799387857
7.728308611219486e-05,-7.728308611219486e-05
-0.00017585535712689768,0.00017585535712689768
-4.064496963397145e-06,4.064496963397145e-06
-0.0003000713976986068,0.0003000713976986068
-0.00013749967257458884,0.00013749967257458884
-7.147542238252548e-05,7.147542238252548e-05
9.719267371730087e-05,-9.719267371730087e-05
-0.00014053297484395265,0.00014053297484395265
0.00018205562094320246,-0.00018205562094320246
7.720497112583233e-05,-7.720497112583233e-05
-0.00021397135222935454,0.00021397135222935454
4.7882599215817915e-05,-4.7882599215817915e-05
8.540984334920241e-05,-8.540984334920241e-05
-0.00033999220673124346,0.00033999220673124346
-3.668887183157969e-05,3.668887183157969e-05
0.0002077329332541039,-0.0002077329332541039
-0.00015020862438842197,0.00015020862438842197
0.0002320007624702649,-0.0002320007624702649
-7.353751765635055e-05,7.353751765635055e-05
-0.00013561421926745558,0.00013561421926745558
0.000137506985757801,-0.000137506985757801
0.00014103690985001806,-0.00014103690985001806
0.00012734293149663706,-0.00012734293149663706
0.0001462211421551916,-0.0001462211421551916
0.00021087220289576336,-0.00021087220289576336
7.228041138871216e-05,-7.228041138871216e-05
0.0004535887298918016,-0.0004535887298918016
-0.00014595627692789458,0.00014595627692789458
0.00021181443502844166,-0.00021181443502844166
-0.0001896711893896295,0.0001896711893896295
0.00016144531853372427,-0.00016144531853372427
0.00027871323645162747,-0.00027871323645162747
-0.0003195618629934167,0.0003195618629934167
0.0002626113885949708,-0.0002626113885949708
-0.0003575116094075142,0.0003575116094075142
0.0001341338213398742,-0.0001341338213398742
-0.0005552154480842626,0.0005552154480842626
0.00028203501969855933,-0.00028203501969855933
0.00022218808511370678,-0.00022218808511370678
0.00012319693890311715,-0.00012319693890311715
0.0001140876208123765,-0.0001140876208123765
8.296729554300178e-05,-8.296729554300178e-05
0.00016385975410330403,-0.00016385975410330403
0.00026131426288312446,-0.00026131426288312446
0.00013022641647143446,-0.00013022641647143446
-5.957792388702175e-05,5.957792388702175e-05
4.0521883402201204e-05,-4.0521883402201204e-05
-0.00012873213198133352,0.00012873213198133352
3.651329228011035e-05,-3.651329228011035e-05
0.00026614632275035984,-0.00026614632275035984
-1.0077466416042268e-05,1.0077466416042268e-05
-0.00018546127279074967,0.00018546127279074967
0.0002271161034119588,-0.0002271161034119588
0.00010453240489929199,-0.00010453240489929199
-0.00023958077907826092,0.00023958077907826092
0.0004348358648756632,-0.0004348358648756632
0.00013526495068414188,-0.00013526495068414188
-0.00020019277304944157,0.00020019277304944157
9.129508452211655e-05,-9.129508452211655e-05
1.8340356437396123e-05,-1.8340356437396123e-05
0.0001770763868774085,-0.0001770763868774085
0.00023801353197458165,-0.00023801353197458165
-0.00015166065647468263,0.00015166065647468263
4.730869652897669e-06,-4.730869652897669e-06
-0.00013683170938770425,0.00013683170938770425
0.0001532118115553077,-0.0001532118115553077
7.950472885439542e-05,-7.950472885439542e-05
4.717917309562479e-05,-4.717917309562479e-05
-3.8462567844754994e-05,3.8462567844754994e-05
4.408638775573817e-05,-4.408638775573817e-05
7.511051358618574e-06,-7.511051358618574e-06
7.487041103908125e-05,-7.487041103908125e-05
-7.554006030150667e-05,7.554006030150667e-05
1.1679750548785853e-05,-1.1679750548785853e-05
-0.0001666657648342981,0.0001666657648342981
-0.00014235008407725925,0.00014235008407725925
0.00015027070529561156,-0.00015027070529561156
0.00022306891889866567,-0.00022306891889866567
-0.00014289760841580356,0.00014289760841580356
3.79557782245414e-05,-3.79557782245414e-05
-0.0003454067848403175,0.0003454067848403175
0.00013072032633688386,-0.00013072032633688386
-0.00039642527020857996,0.00039642527020857996
-2.704182720089635e-05,2.704182720089635e-05
-0.00031570188464072845,0.00031570188464072845
-0.00020691471779755503,0.00020691471779755503
-0.00019741514479166018,0.00019741514479166018
-6.522697789676805e-06,6.522697789676805e-06
0.00015077421662979218,-0.00015077421662979218
8.55856111493953e-05,-8.55856111493953e-05
0.0003602064009924086,-0.0003602064009924086
-5.514530693381112e-05,5.514530693381112e-05
6.390944422930322e-05,-6.390944422930322e-05
-0.0003273538739473231,0.0003273538739473231
5.0879458760239146e-05,-5.0879458760239146e-05
-0.00027386187145624194,0.00027386187145624194
-0.00012915477729188846,0.00012915477729188846
9.32192375060896e-05,-9.32192375060896e-05
8.294811247843225e-05,-8.294811247843225e-05
0.00020786042250928074,-0.00020786042250928074
-0.00011921125846156578,0.00011921125846156578
1.5284322986027068e-05,-1.5284322986027068e-05
3.130371383820324e-05,-3.130371383820324e-05
0.00019176283756830236,-0.00019176283756830236
0.00015431787977243026,-0.00015431787977243026
-0.0001097321378602096,0.0001097321378602096
-0.00013119717568209569,0.00013119717568209569
0.00016136011631663442,-0.00016136011631663442
-0.00024424537256507935,0.00024424537256507935
0.0002431055312957683,-0.0002431055312957683
-0.00027748675803575626,0.00027748675803575626
3.4563089864933096e-05,-3.4563089864933096e-05
8.625250154031134e-05,-8.625250154031134e-05
0.00016922277957871052,-0.00016922277957871052
-5.894453698987653e-05,5.894453698987653e-05
-0.00034188522125390723,0.00034188522125390723
-0.0002277518923099049,0.0002277518923099049
-0.0001206909660892297,0.0001206909660892297
1.432235458717645e-05,-1.432235458717645e-05
0.00019539200668974727,-0.00019539200668974727
0.0001486722783617813,-0.0001486722783617813
9.217517408486411e-05,-9.217517408486411e-05
0.0001873048848753051,-0.0001873048848753051
0.0002931827379603644,-0.0002931827379603644
8.765500409974459e-07,-8.765500409974459e-07
2.522222200261602e-05,-2.522222200261602e-05
0.00014213036072393344,-0.00014213036072393344
-0.0001790056132693277,0.0001790056132693277
0.0005609636296318608,-0.0005609636296318608
0.00019346625782615918,-0.00019346625782615918
-3.690935352912479e-05,3.690935352912479e-05
0.0002603857269276863,-0.0002603857269276863
-0.00014973750020364843,0.00014973750020364843
0.0001973264453531368,-0.0001973264453531368
0.00011623425681996998,-0.00011623425681996998
-3.1166847257694646e-05,3.1166847257694646e-05
0.00019735413873008065,-0.00019735413873008065
3.471253691383909e-05,-3.471253691383909e-05
0.000124600671480932,-0.000124600671480932
0.00014694161326913392,-0.00014694161326913392
0.00032694224899715047,-0.00032694224899715047
7.99476382174941e-05,-7.99476382174941e-05
0.00021507221164709952,-0.00021507221164709952
-0.0002521358170601236,0.0002521358170601236
-0.0001037648680133212,0.0001037648680133212
0.0002594543226302534,-0.0002594543226302534
-0.00019270875158599275,0.00019270875158599275
1.1307683280224188e-05,-1.1307683280224188e-05
0.00013091936761655453,-0.00013091936761655453
-1.429320206484296e-06,1.429320206484296e-06
-0.0003121645504067379,0.0003121645504067379
6.406192650802076e-05,-6.406192650802076e-05
8.73373300857607e-06,-8.73373300857607e-06
-0.0002633543121929619,0.0002633543121929619
-0.00020460341992045462,0.00020460341992045462
-4.584366558513578e-05,4.584366558513578e-05
-0.00036520209605876664,0.00036520209605876664
4.495442574838554e-05,-4.495442574838554e-05
9.171477113562382e-05,-9.171477113562382e-05
-8.297924072076752e-05,8.297924072076752e-05
-2.2034241757271225e-05,2.2034241757271225e-05
-0.0003485684844477942,0.0003485684844477942
1.4931936719196441e-05,-1.4931936719196441e-05
-0.00017419162705692898,0.00017419162705692898
0.0005188461411265916,-0.0005188461411265916
0.00019689386127960464,-0.00019689386127960464
0.00011271073620052448,-0.00011271073620052448
6.919689363525146e-05,-6.919689363525146e-05
0.00014272259558712562,-0.00014272259558712562
0.00010356538427036047,-0.00010356538427036047
-0.00014316175954008132,0.00014316175954008132
-0.0001003947103622716,0.0001003947103622716
-7.731550760140062e-05,7.731550760140062e-05
-8.501236308063968e-05,8.501236308063968e-05
-1.6227879836824225e-05,1.6227879836824225e-05
-0.0002835017766975742,0.0002835017766975742
3.493178299508509e-05,-3.493178299508509e-05
-0.0001817220510848047,0.0001817220510848047
4.0644596811867205e-05,-4.0644596811867205e-05
-0.00038583941766566086,0.00038583941766566086
-0.00017300500450611206,0.00017300500450611206
1.5296177137255504e-05,-1.5296177137255504e-05
2.5382338287923006e-05,-2.5382338287923006e-05
9.151078770436175e-05,-9.151078770436175e-05
0.00013761630021878575,-0.00013761630021878575
0.00039124525282069333,-0.00039124525282069333
8.710028833913455e-05,-8.710028833913455e-05
-0.0002275194899273604,0.0002275194899273604
-0.00013119286365990062,0.00013119286365990062
2.0131486228010465e-06,-2.0131486228010465e-06
-0.00010726097677166942,0.00010726097677166942
0.00025386244055866094,-0.00025386244055866094
-9.224888158369221e-05,9.224888158369221e-05
0.00011113566061619292,-0.00011113566061619292
8.857422832179452e-05,-8.857422832179452e-05
3.577949843280708e-05,-3.577949843280708e-05
0.00023872964602612688,-0.00023872964602612688
0.0001516780411919265,-0.0001516780411919265
-9.550398413402443e-05,9.550398413402443e-05
-7.972285497882724e-05,7.972285497882724e-05
0.00018027212690615484,-0.00018027212690615484
0.000175221295526813,-0.000175221295526813
3.435040102083909e-06,-3.435040102083909e-06
-0.0002500998970556697,0.0002500998970556697
3.1365231707111785e-05,-3.1365231707111785e-05
-0.00023696140676104907,0.00023696140676104907
0.00018946773615908206,-0.00018946773615908206
-4.887381883223333e-05,4.887381883223333e-05
-7.823187313669915e-06,7.823187313669915e-06
0.0002843325874411755,-0.0002843325874411755
0.00016220970860485648,-0.00016220970860485648
3.883128364420618e-05,-3.883128364420618e-05
0.00015393758401474985,-0.00015393758401474985
-0.0004052695811686645,0.0004052695811686645
7.058716878021874e-05,-7.058716878021874e-05
0.0002531845711994195,-0.0002531845711994195
0.00014166322687157214,-0.00014166322687157214
-0.00011686994371957247,0.00011686994371957247
-0.000274826628066161,0.000274826628066161
0.0003126638496327589,-0.0003126638496327589
-0.00018492345061374237,0.00018492345061374237
3.7867440326679715e-05,-3.7867440326679715e-05
0.00012650379556212915,-0.00012650379556212915
-0.0002104052456944098,0.0002104052456944098
-6.884458700833995e-05,6.884458700833995e-05
0.00010623538371157363,-0.00010623538371157363
5.687602117011104e-05,-5.687602117011104e-05
8.854698858468524e-05,-8.854698858468524e-05
0.00024713447865993307,-0.00024713447865993307
-7.3417053757679235e-06,7.3417053757679235e-06
-3.989384908177807e-05,3.989384908177807e-05
1.9657400627531914e-05,-1.9657400627531914e-05
0.00010931064163639383,-0.00010931064163639383
0.00022144476630694008,-0.00022144476630694008
0.00017685611921690447,-0.00017685611921690447
-1.766805154659797e-05,1.766805154659797e-05
-8.55607796302688e-05,8.55607796302688e-05
-6.79994814873938e-05,6.79994814873938e-05
0.00016737297238119737,-0.00016737297238119737
6.561061766546826e-05,-6.561061766546826e-05
0.00025045884390795855,-0.00025045884390795855
-2.451755137765455e-05,2.451755137765455e-05
-5.903684326879276e-06,5.903684326879276e-06
0.0001334115077631265,-0.0001334115077631265
0.00033196730838728,-0.00033196730838728
-5.050047036713566e-05,5.050047036713566e-05
1.5745994490390922e-05,-1.5745994490390922e-05
0.00017573776413142597,-0.00017573776413142597
2.7270706418718472e-05,-2.7270706418718472e-05
-0.00017638753906483586,0.00017638753906483586
-0.0003349212604974453,0.0003349212604974453
-0.0002975056624324053,0.0002975056624324053
-3.573282265260206e-05,3.573282265260206e-05
0.0003543109092917817,-0.0003543109092917817
-0.00022489912858126941,0.00022489912858126941
0.0002736681102866316,-0.0002736681102866316
-5.6787034913102496e-05,5.6787034913102496e-05
-0.0002469103695465786,0.0002469103695465786
-4.554854987867981e-05,4.554854987867981e-05
6.159989619666121e-05,-6.159989619666121e-05
-3.5351154709028467e-05,3.5351154709028467e-05
8.026662848264676e-05,-8.026662848264676e-05
0.000154160011533591,-0.000154160011533591
7.153700633839212e-06,-7.153700633839212e-06
-3.9274255498622764e-05,3.9274255498622764e-05
-0.00018430621925151795,0.00018430621925151795
9.536073219766945e-05,-9.536073219766945e-05
-0.00025085059685647375,0.00025085059685647375
0.00019742522565929538,-0.00019742522565929538
5.629905054364362e-05,-5.629905054364362e-05
0.00022165730090081674,-0.00022165730090081674
0.0002587102539183676,-0.0002587102539183676
0.00010968192696278123,-0.00010968192696278123
4.1189948582378135e-05,-4.1189948582378135e-05
-3.0889154586604566e-05,3.0889154586604566e-05
-0.000278082719739188,0.000278082719739188
-0.00015510801739546316,0.00015510801739546316
0.00044767918701708545,-0.00044767918701708545
0.00017401271249986147,-0.00017401271249986147
0.00036559800753844656,-0.00036559800753844656
0.00016662824354086759,-0.00016662824354086759
-0.000535873850236766,0.000535873850236766
-0.00010398630437055185,0.00010398630437055185
0.00022172524507091797,-0.00022172524507091797
5.039924305740697e-05,-5.039924305740697e-05
-5.037006092584162e-05,5.037006092584162e-05
7.413991606485187e-05,-7.413991606485187e-05
9.796523561012759e-05,-9.796523561012759e-05
0.00010962292238156001,-0.00010962292238156001
0.0001242759884989263,-0.0001242759884989263
-0.00025783153452550186,0.00025783153452550186
-0.0002826061153902441,0.0002826061153902441
-0.00036121413428132884,0.00036121413428132884
0.00010646945467208423,-0.00010646945467208423
-0.00017511224701286123,0.00017511224701286123
9.327327828758427e-05,-9.327327828758427e-05
0.00036539531704217877,-0.00036539531704217877
-5.100628557223638e-05,5.100628557223638e-05
7.774910993591582e-06,-7.774910993591582e-06
-0.00014928105072097467,0.00014928105072097467
-0.00019402739191822036,0.00019402739191822036
0.00032857431716072085,-0.00032857431716072085
3.9149749584349155e-05,-3.9149749584349155e-05
0.00034451147225529773,-0.00034451147225529773
0.00015564026973883857,-0.00015564026973883857
0.00017923623956258571,-0.00017923623956258571
-0.000250147978415431,0.000250147978415431
0.00029269093145143656,-0.00029269093145143656
0.00015432453407384354,-0.00015432453407384354
0.0002313496475876669,-0.0002313496475876669
0.00030634525229331544,-0.00030634525229331544
6.631407296122608e-05,-6.631407296122608e-05
4.743869584140139e-05,-4.743869584140139e-05
0.00024178582363030147,-0.00024178582363030147
0.00022612336014182064,-0.00022612336014182064
-0.0002609658350675827,0.0002609658350675827
-0.0003159049730636744,0.0003159049730636744
-0.00013202235817011336,0.00013202235817011336
-5.200387737858372e-05,5.200387737858372e-05
0.000249879690512768,-0.000249879690512768
0.00015962535329019662,-0.00015962535329019662
-0.0002927890447483578,0.0002927890447483578
-3.1064663304429706e-05,3.1064663304429706e-05
-0.0003613151886156265,0.0003613151886156265
-2.6140101246212088e-05,2.6140101246212088e-05
-0.0001670522453713772,0.0001670522453713772
-4.68684626841148e-05,4.68684626841148e-05
0.0001538876503789814,-0.0001538876503789814
0.0001067234904672473,-0.0001067234904672473
-0.0002131017258984038,0.0002131017258984038
-7.275714226493213e-05,7.275714226493213e-05
5.110237064576367e-07,-5.110237064576367e-07
0.00014366640667234088,-0.00014366640667234088
-2.465755471032812e-05,2.465755471032812e-05
0.0005189158797210781,-0.0005189158797210781
-0.00032933380857133186,0.00032933380857133186
-0.0003531656982436854,0.0003531656982436854
0.00015883985024855063,-0.00015883985024855063
-0.0002854487347335133,0.0002854487347335133
-0.0002657895458156165,0.0002657895458156165
-0.0001779388046565777,0.0001779388046565777
-0.00023120373883455918,0.00023120373883455918
-0.0002657959548404613,0.0002657959548404613
0.00038200427451706503,-0.00038200427451706503
6.995637584956238e-05,-6.995637584956238e-05
0.0001711321150428838,-0.0001711321150428838
0.00015744928022962904,-0.00015744928022962904
0.00017467744415702223,-0.00017467744415702223
1.962029471977314e-06,-1.962029471977314e-06
0.00012245041542381494,-0.00012245041542381494
-0.0004581980464908688,0.0004581980464908688
-0.0003424892813097003,0.0003424892813097003
-8.057387843134407e-05,8.057387843134407e-05
-0.0002479874182808589,0.0002479874182808589
-0.0002500806130942024,0.0002500806130942024
4.125008537492463e-05,-4.125008537492463e-05
0.0002594208792299472,-0.0002594208792299472
0.00020009671967226525,-0.00020009671967226525
-0.00038372254651142387,0.00038372254651142387
-2.618756875949821e-06,2.618756875949821e-06
0.0001842809506467587,-0.0001842809506467587
8.395358662536212e-05,-8.395358662536212e-05
-2.66960061028484e-05,2.66960061028484e-05
-3.932597016524414e-06,3.932597016524414e-06
-0.00017857466612828095,0.00017857466612828095
-3.161071098759737e-05,3.161071098759737e-05
-1.9671972499922817e-05,1.9671972499922817e-05
0.00023473182652933026,-0.00023473182652933026
0.00010035498383399198,-0.00010035498383399198
-5.1166948211907536e-05,5.1166948211907536e-05
-0.00010172573590173283,0.00010172573590173283
0.00012990647109771455,-0.00012990647109771455
-0.00013488458499041745,0.00013488458499041745
-0.00011101850844937544,0.00011101850844937544
-0.00011481942967103489,0.00011481942967103489
-0.0001234275283577035,0.0001234275283577035
0.00016686831851422178,-0.00016686831851422178
7.848446176178589e-05,-7.848446176178589e-05
-0.00026091453297934203,0.00026091453297934203
0.00025805041801797826,-0.00025805041801797826
-1.5697533707569237e-05,1.5697533707569237e-05
0.00018157111186749807,-0.00018157111186749807
-0.00010311777472104348,0.00010311777472104348
5.389150458728518e-05,-5.389150458728518e-05
-4.802656418520843e-08,4.802656418520843e-08
-0.0001997742610966197,0.0001997742610966197
0.00027448653408289456,-0.00027448653408289456
-0.00018489812288420023,0.00018489812288420023
-0.00028016568924603294,0.00028016568924603294
-0.00029321346699459416,0.00029321346699459416
-4.8367947079461465e-05,4.8367947079461465e-05
0.0002283697529138982,-0.0002283697529138982
0.00012860349542234177,-0.00012860349542234177
0.00014940325544511378,-0.00014940325544511378
-0.00011940091179745145,0.00011940091179745145
-1.0685885370097791e-05,1.0685885370097791e-05
1.7357525414095678e-05,-1.7357525414095678e-05
0.00012319718754306806,-0.00012319718754306806
1.3415327383857877e-05,-1.3415327383857877e-05
0.00015134694755128907,-0.00015134694755128907
-1.969727660193622e-05,1.969727660193622e-05
-3.724891029175303e-05,3.724891029175303e-05
0.00011502758253181645,-0.00011502758253181645
0.0003536272409577986,-0.0003536272409577986
9.44847081108897e-05,-9.44847081108897e-05
-5.313650856339901e-05,5.313650856339901e-05
5.494076185097045e-05,-5.494076185097045e-05
0.00010671420619046335,-0.00010671420619046335
-0.00010038196795404789,0.00010038196795404789
0.00017295300287073874,-0.00017295300287073874
-0.0002235668344641429,0.0002235668344641429
0.00023667642283616854,-0.00023667642283616854
0.00020915907438107735,-0.00020915907438107735
5.5183896957296756e-05,-5.5183896957296756e-05
0.000497145527464191,-0.000497145527464191
-0.000281541670276287,0.000281541670276287
0.0001678935665955098,-0.0001678935665955098
0.0001987922293111621,-0.0001987922293111621
-0.00035482788586317133,0.00035482788586317133
0.00022676711998984483,-0.00022676711998984483
-0.0003342995918526103,0.0003342995918526103
0.00042046276226401745,-0.00042046276226401745
0.0002742611784015024,-0.0002742611784015024
0.0001636228822673248,-0.0001636228822673248
0.000495968831484815,-0.000495968831484815
-6.531433392251851e-05,6.531433392251851e-05
0.0002628774742210798,-0.0002628774742210798
0.0003300450296377447,-0.0003300450296377447
3.372935696566116e-05,-3.372935696566116e-05
-0.0002065186110521913,0.0002065186110521913
-0.000244227059083322,0.000244227059083322
-0.000255402908139135,0.000255402908139135
-2.322845610063407e-05,2.322845610063407e-05
-3.6020087497916624e-05,3.6020087497916624e-05
0.00012330618986571828,-0.00012330618986571828
-0.00014607206914885875,0.00014607206914885875
-0.00010245345538106947,0.00010245345538106947
-8.600523050748024e-06,8.600523050748024e-06
-1.8659705635623682e-05,1.8659705635623682e-05
7.30390021684737e-05,-7.30390021684737e-05
0.0002450728962649129,-0.0002450728962649129
-0.00017278684897543568,0.00017278684897543568
0.00011934664698338572,-0.00011934664698338572
0.00021221438463175278,-0.00021221438463175278
4.479714797557877e-05,-4.479714797557877e-05
-7.736748550168799e-05,7.736748550168799e-05
0.000130597730144272,-0.000130597730144272
2.40863659676156e-06,-2.40863659676156e-06
0.00012220383705196884,-0.00012220383705196884
9.171654548030012e-05,-9.171654548030012e-05
-7.502773101565209e-05,7.502773101565209e-05
-0.00010472502188492726,0.00010472502188492726
0.00011242887844199155,-0.00011242887844199155
0.0001384820310405206,-0.0001384820310405206
-0.00011909105395638717,0.00011909105395638717
-0.00012290466033283785,0.00012290466033283785
-0.00017970197921829753,0.00017970197921829753
8.656990306914189e-05,-8.656990306914189e-05
2.6556348641697937e-05,-2.6556348641697937e-05
-0.00012665506030666495,0.00012665506030666495
-4.413506435011234e-05,4.413506435011234e-05
-0.00036386382232880116,0.00036386382232880116
-0.0002514571391416138,0.0002514571391416138
-7.4606794373559455e-06,7.4606794373559455e-06
-8.206060908869415e-05,8.206060908869415e-05
-9.154131531723292e-05,9.154131531723292e-05
0.00033478678645498843,-0.00033478678645498843
1.2707868548298738e-05,-1.2707868548298738e-05
0.0002510992323011316,-0.0002510992323011316
0.00010995094394349966,-0.00010995094394349966
0.0002017877276462588,-0.0002017877276462588
0.00037382107781000224,-0.00037382107781000224
0.0001901554843621661,-0.0001901554843621661
4.343122831019684e-05,-4.343122831019684e-05
-0.00020230023823917994,0.00020230023823917994
6.845876398674277e-05,-6.845876398674277e-05
-0.00032844143574202716,0.00032844143574202716
8.208396240002891e-05,-8.208396240002891e-05
-4.7189024875211786e-05,4.7189024875211786e-05
-0.00015689859467835578,0.00015689859467835578
0.00028572284617158807,-0.00028572284617158807
9.100227042443735e-05,-9.100227042443735e-05
-5.249794720196166e-05,5.249794720196166e-05
-0.00011618451031902505,0.00011618451031902505
9.750147728380703e-06,-9.750147728380703e-06
3.6504613562105374e-05,-3.6504613562105374e-05
-0.0002841876765379063,0.0002841876765379063
0.0002133945922438271,-0.0002133945922438271
0.00033776249893889744,-0.00033776249893889744
-0.00017216161308423254,0.00017216161308423254
2.4832170400938025e-05,-2.4832170400938025e-05
-3.451700552504932e-05,3.451700552504932e-05
-0.00014991800359828996,0.00014991800359828996
0.00020824186021659185,-0.00020824186021659185
0.00024845012470484866,-0.00024845012470484866
-0.00015105569264545822,0.00015105569264545822
-0.00011472682050793641,0.00011472682050793641
0.0001398743573556545,-0.0001398743573556545
3.120807315647435e-05,-3.120807315647435e-05
0.00029688615283619563,-0.00029688615283619563
-8.29531180167089e-05,8.29531180167089e-05
-0.00016951213867167587,0.00016951213867167587
0.0001979142458567681,-0.0001979142458567681
0.00013439077580340288,-0.00013439077580340288
9.802931857890876e-05,-9.802931857890876e-05
-0.00018857998100805287,0.00018857998100805287
-3.616736060353926e-05,3.616736060353926e-05
0.00030924005617919006,-0.00030924005617919006
6.864342279377301e-05,-6.864342279377301e-05
0.0001257295064817106,-0.0001257295064817106
3.241954960469867e-05,-3.241954960469867e-05
-0.00029977270939004856,0.00029977270939004856
8.284849476686568e-05,-8.284849476686568e-05
-0.0003755541172633315,0.0003755541172633315
-0.0003329878364257665,0.0003329878364257665
-0.00017642527157725273,0.00017642527157725273
0.0003754933312744566,-0.0003754933312744566
-3.390950322750352e-05,3.390950322750352e-05
-8.856782924901953e-05,8.856782924901953e-05
8.459162485656821e-05,-8.459162485656821e-05
-3.9147465810266786e-05,3.9147465810266786e-05
6.325535570532283e-05,-6.325535570532283e-05
-0.00023658020110969863,0.00023658020110969863
-0.00015678745644738675,0.00015678745644738675
-4.6385937610164744e-05,4.6385937610164744e-05
-0.00035247035905818826,0.00035247035905818826
-1.343625638366774e-05,1.343625638366774e-05
0.00028625861679411026,-0.00028625861679411026
-0.0005348276155817584,0.0005348276155817584
-3.948013843506619e-06,3.948013843506619e-06
-0.0006156776758252898,0.0006156776758252898
0.0003068203375144674,-0.0003068203375144674
0.00046414622083161186,-0.00046414622083161186
0.00029937565118296925,-0.00029937565118296925
-0.00015365767373298403,0.00015365767373298403
0.00023051700434754139,-0.00023051700434754139
0.00028199262100823307,-0.00028199262100823307
8.66705285772962e-05,-8.66705285772962e-05
-0.00012607137363324978,0.00012607137363324978
-3.746225813392117e-06,3.746225813392117e-06
5.140070247292567e-05,-5.140070247292567e-05
-0.0001893081278963329,0.0001893081278963329
0.00011867872615159235,-0.00011867872615159235
4.425674003711112e-05,-4.425674003711112e-05
-0.00011830196767922914,0.00011830196767922914
1.5261315546405176e-05,-1.5261315546405176e-05
0.00030135803308831344,-0.00030135803308831344
-0.00016904989157958168,0.00016904989157958168
-4.5693509586871606e-05,4.5693509586871606e-05
-8.768330220961975e-05,8.768330220961975e-05
-0.0001967208111332439,0.0001967208111332439
-4.650789645198939e-05,4.650789645198939e-05
-9.581264125820667e-05,9.581264125820667e-05
4.582052196248375e-05,-4.582052196248375e-05
2.4176003798780853e-05,-2.4176003798780853e-05
-3.437684238399872e-05,3.437684238399872e-05
-0.00017556175542172221,0.00017556175542172221
2.2857995052773212e-05,-2.2857995052773212e-05
-9.262778798165289e-05,9.262778798165289e-05
-0.00018976400612738943,0.00018976400612738943
-5.6574221886199184e-05,5.6574221886199184e-05
0.00013458506179269596,-0.00013458506179269596
-0.0001387613982255886,0.0001387613982255886
-9.193295882269782e-05,9.193295882269782e-05
-9.769927049175821e-05,9.769927049175821e-05
-9.571722211115138e-06,9.571722211115138e-06
0.00022422591975734788,-0.00022422591975734788
0.00017558576805285403,-0.00017558576805285403
0.00039326896605247175,-0.00039326896605247175
0.00022739527892988188,-0.00022739527892988188
0.00018394061849092206,-0.00018394061849092206
-0.00018325001279424996,0.00018325001279424996
0.00028121641099266876,-0.00028121641099266876
9.638316847821994e-05,-9.638316847821994e-05
0.00015537049841415955,-0.00015537049841415955
-0.0001329771238245985,0.0001329771238245985
-0.0002875334683755243,0.0002875334683755243
-3.256025507895248e-05,3.256025507895248e-05
0.00014213295166092666,-0.00014213295166092666
0.00024790446455251507,-0.00024790446455251507
-9.2549865671143e-05,9.2549865671143e-05
-1.8566887257435428e-05,1.8566887257435428e-05
-0.00046219786071063777,0.00046219786071063777
-0.00022791094229990112,0.00022791094229990112
-0.0003981220810525647,0.0003981220810525647
0.00021716346793968454,-0.00021716346793968454
4.634112032005583e-05,-4.634112032005583e-05
-0.0001253259377706024,0.0001253259377706024
-4.481087067716525e-05,4.481087067716525e-05
-0.00015814880346449157,0.00015814880346449157
7.982624873509504e-05,-7.982624873509504e-05
-0.000170751178435552,0.000170751178435552
0.0002433123896864826,-0.0002433123896864826
0.00014063990205647186,-0.00014063990205647186
-0.00044049106462194044,0.00044049106462194044
0.00016018943430168813,-0.00016018943430168813
0.0001625559051533135,-0.0001625559051533135
-2.922190586247208e-05,2.922190586247208e-05
0.00013241072992498175,-0.00013241072992498175
-7.508963432926888e-05,7.508963432926888e-05
0.00019957703297107134,-0.00019957703297107134
5.514171252630371e-05,-5.514171252630371e-05
1.3432040680564362e-05,-1.3432040680564362e-05
0.00011953448094675261,-0.00011953448094675261
-0.00030809920498986963,0.00030809920498986963
0.00029355751753286965,-0.00029355751753286965
-0.0003726843106489827,0.0003726843106489827
-5.6674613752849805e-06,5.6674613752849805e-06
1.527470123425651e-05,-1.527470123425651e-05
-0.00013661343809930312,0.00013661343809930312
7.441355862374926e-05,-7.441355862374926e-05
-0.00021956581208410153,0.00021956581208410153
0.00011300711718507067,-0.00011300711718507067
0.00010170856326118209,-0.00010170856326118209
8.415441545104442e-05,-8.415441545104442e-05
4.3538074478955164e-05,-4.3538074478955164e-05
0.00025492563822053163,-0.00025492563822053163
4.613033281851181e-05,-4.613033281851181e-05
0.00020125603508642088,-0.00020125603508642088
0.00019938533247875617,-0.00019938533247875617
9.61002471618051e-05,-9.61002471618051e-05
8.196457535036765e-05,-8.196457535036765e-05
-9.547206586232719e-05,9.547206586232719e-05
-2.6313557765080792e-05,2.6313557765080792e-05
0.0004368033392185359,-0.0004368033392185359
0.00014103963826551098,-0.00014103963826551098
0.00034262678488258423,-0.00034262678488258423
-0.00026666143587684196,0.00026666143587684196
3.26110948363243e-05,-3.26110948363243e-05
-9.060525315207475e-05,9.060525315207475e-05
0.0002108462441399925,-0.0002108462441399925
-1.1316778952643407e-05,1.1316778952643407e-05
-0.00012986976838968712,0.00012986976838968712
9.662908719059742e-05,-9.662908719059742e-05
0.00013177717718384954,-0.00013177717718384954
0.000150934394946747,-0.000150934394946747
0.00024229890763723724,-0.00024229890763723724
-0.00019706201027373205,0.00019706201027373205
0.00028263221360671955,-0.00028263221360671955
1.5594421317832605e-05,-1.5594421317832605e-05
-0.00012518719556226708,0.00012518719556226708
-0.0001522455968757054,0.0001522455968757054
2.648140983894092e-05,-2.648140983894092e-05
0.0002811143555535363,-0.0002811143555535363
-0.0004035399776198607,0.0004035399776198607
-0.0002644722578042752,0.0002644722578042752
2.794312115180842e-06,-2.794312115180842e-06
-0.0001760378145707113,0.0001760378145707113
0.0001744551525413723,-0.0001744551525413723
-0.00010288208208087048,0.00010288208208087048
7.026016376649849e-05,-7.026016376649849e-05
-0.00015844264911486905,0.00015844264911486905
0.00021912495195157596,-0.00021912495195157596
0.0002005482376280406,-0.0002005482376280406
-0.000483854720643279,0.000483854720643279
-0.00013625483258032406,0.00013625483258032406
0.00021831721358844805,-0.00021831721358844805
0.0005881895493132275,-0.0005881895493132275
-0.00016857427183688186,0.00016857427183688186
-0.00014910338345939785,0.00014910338345939785
0.00017104760002208886,-0.00017104760002208886
-0.0002998925215275566,0.0002998925215275566
0.00029784499350725055,-0.00029784499350725055
8.821604576766315e-05,-8.821604576766315e-05
-3.45992017019804e-05,3.45992017019804e-05
-0.00019013695334888,0.00019013695334888
0.00019544204696480497,-0.00019544204696480497
0.0004102921097490312,-0.0004102921097490312
-0.00016835994358624417,0.00016835994358624417
-9.745306787850353e-05,9.745306787850353e-05
2.9688572641625254e-05,-2.9688572641625254e-05
0.00010752056276682369,-0.00010752056276682369
-2.9631960176416676e-05,2.9631960176416676e-05
-0.00031964774945160386,0.00031964774945160386
0.0004962813488726488,-0.0004962813488726488
2.3110505417771668e-05,-2.3110505417771668e-05
7.935284501657411e-05,-7.935284501657411e-05
-0.00045567017213298753,0.00045567017213298753
-4.51915905573092e-05,4.51915905573092e-05
0.0001767809606053537,-0.0001767809606053537
0.0001419384347616998,-0.0001419384347616998
-7.889881195358313e-05,7.889881195358313e-05
-3.890214202301421e-05,3.890214202301421e-05
9.41109364158852e-05,-9.41109364158852e-05
-5.173233010408411e-05,5.173233010408411e-05
-0.0002590672658022902,0.0002590672658022902
-0.0003570922106541373,0.0003570922106541373
-0.0001491542945064178,0.0001491542945064178
-6.627027926920322e-05,6.627027926920322e-05
0.00012874817643716727,-0.00012874817643716727
5.4450246097231795e-05,-5.4450246097231795e-05
-0.00011887650062824533,0.00011887650062824533
0.00013141225960650193,-0.00013141225960650193
8.501673927588103e-05,-8.501673927588103e-05
-2.0784166732480872e-05,2.0784166732480872e-05
0.0002688548143936011,-0.0002688548143936011
-5.947096464426986e-05,5.947096464426986e-05
-0.00014092267810573688,0.00014092267810573688
-3.521305549639253e-05,3.521305549639253e-05
-0.00016523123226558654,0.00016523123226558654
0.0001745095448876805,-0.0001745095448876805
0.00014092824789771504,-0.00014092824789771504
0.00020099629015140288,-0.00020099629015140288
-4.301119558305115e-05,4.301119558305115e-05
0.0005479133955582579,-0.0005479133955582579
0.00019687186061530292,-0.00019687186061530292
-4.042995729642697e-05,4.042995729642697e-05
0.00012072496982207595,-0.00012072496982207595
0.0003563047901412699,-0.0003563047901412699
5.068842436502664e-05,-5.068842436502664e-05
4.469843895299084e-05,-4.469843895299084e-05
0.00044849029612557,-0.00044849029612557
-8.67728646639195e-05,8.67728646639195e-05
7.980094673269685e-05,-7.980094673269685e-05
0.00015059176160702245,-0.00015059176160702245
-0.00012758871151790984,0.00012758871151790984
2.1323696884275955e-05,-2.1323696884275955e-05
-0.00014588558608095422,0.00014588558608095422
4.7598003997205196e-05,-4.7598003997205196e-05
-0.00023623728469281967,0.00023623728469281967
-0.00045308197712601273,0.00045308197712601273
-2.036316894441935e-05,2.036316894441935e-05
1.3245467318674913e-05,-1.3245467318674913e-05
-0.0002630707557025405,0.0002630707557025405
-0.0005859348552381698,0.0005859348552381698
4.889424866460861e-06,-4.889424866460861e-06
-6.437044295148794e-05,6.437044295148794e-05
-7.418151954879316e-05,7.418151954879316e-05
7.630947314601644e-05,-7.630947314601644e-05
0.00022760031223005345,-0.00022760031223005345
6.761200394542564e-05,-6.761200394542564e-05
-0.0003281778594433698,0.0003281778594433698
8.856623126668399e-05,-8.856623126668399e-05
-0.00023788994197553913,0.00023788994197553913
0.00038730335307286904,-0.00038730335307286904
0.000369976972361861,-0.000369976972361861
-0.0001315388452797461,0.0001315388452797461
-5.648865901368708e-05,5.648865901368708e-05
-1.822804237558661e-05,1.822804237558661e-05
-0.00015720988306961456,0.00015720988306961456
-0.00029867813881717035,0.00029867813881717035
-0.00011057088061171999,0.00011057088061171999
-2.519429459185734e-05,2.519429459185734e-05
-0.00028355324908443794,0.00028355324908443794
0.00010357830956978329,-0.00010357830956978329
-0.0002371346075029433,0.0002371346075029433
9.385448178617142e-05,-9.385448178617142e-05
0.00043171728164100183,-0.00043171728164100183
-1.3899010958502765e-06,1.3899010958502765e-06
0.0003574602184200183,-0.0003574602184200183
-0.0003693502414289135,0.0003693502414289135
0.00020054692731447647,-0.00020054692731447647
-0.00015171368972846563,0.00015171368972846563
0.00037799551880342004,-0.00037799551880342004
0.00010410858846680559,-0.00010410858846680559
9.876663514708764e-05,-9.876663514708764e-05
7.34405272936109e-05,-7.34405272936109e-05
1.6049919450697756e-05,-1.6049919450697756e-05
0.00023355542984442216,-0.00023355542984442216
-0.000386574237980311,0.000386574237980311
-0.0002907560280523015,0.0002907560280523015
6.334875506407831e-05,-6.334875506407831e-05
7.496683281310869e-06,-7.496683281310869e-06
2.8269574990838284e-05,-2.8269574990838284e-05
-3.783696599172157e-05,3.783696599172157e-05
-0.00014737629906659677,0.00014737629906659677
0.00010677803316173684,-0.00010677803316173684
-2.2053904654660618e-05,2.2053904654660618e-05
-6.777714223504405e-06,6.777714223504405e-06
0.00017309695839186345,-0.00017309695839186345
-8.07399863501982e-05,8.07399863501982e-05
-0.0003096727758919836,0.0003096727758919836
1.5764544896043034e-06,-1.5764544896043034e-06
-0.00014816333629350605,0.00014816333629350605
-0.0004893077905419494,0.0004893077905419494
-0.00014451348032077488,0.00014451348032077488
9.862323288152165e-05,-9.862323288152165e-05
1.3204058336582687e-05,-1.3204058336582687e-05
-6.436273087943979e-05,6.436273087943979e-05
0.00011334398094245937,-0.00011334398094245937
-8.559034323677242e-05,8.559034323677242e-05
0.0004070591418422192,-0.0004070591418422192
0.00011445788699387466,-0.00011445788699387466
-9.246969716862564e-05,9.246969716862564e-05
3.781964067916477e-05,-3.781964067916477e-05
3.5118874762029155e-05,-3.5118874762029155e-05
-6.492007389827802e-05,6.492007389827802e-05
0.00024015210134629208,-0.00024015210134629208
0.00018491700969223138,-0.00018491700969223138
0.00014851559172781738,-0.00014851559172781738
0.00013964570166500112,-0.00013964570166500112
-0.0001076075108702798,0.0001076075108702798
-0.00011361731294690554,0.00011361731294690554
-1.2278512854060469e-05,1.2278512854060469e-05
0.00021992526061007803,-0.00021992526061007803
1.895061501507592e-05,-1.895061501507592e-05
-4.028327179080608e-05,4.028327179080608e-05
0.00017641766441440146,-0.00017641766441440146
3.2270002874339006e-05,-3.2270002874339006e-05
9.826931036154727e-05,-9.826931036154727e-05
0.00013434862845303804,-0.00013434862845303804
-0.00022047282709320533,0.00022047282709320533
-6.80381265172049e-05,6.80381265172049e-05
-0.00040874770776144884,0.00040874770776144884
-9.86438573292103e-05,9.86438573292103e-05
-1.1413124836564826e-05,1.1413124836564826e-05
-0.00023807370902776401,0.00023807370902776401
-6.917911535101918e-05,6.917911535101918e-05
0.00045864371767472933,-0.00045864371767472933
0.00020619711127612038,-0.00020619711127612038
4.090254354890762e-05,-4.090254354890762e-05
-0.00014207122894656875,0.00014207122894656875
-5.463155962239111e-05,5.463155962239111e-05
-4.098400524571415e-05,4.098400524571415e-05
-0.000178925557976317,0.000178925557976317
5.9724786150871966e-05,-5.9724786150871966e-05
0.00022227647980018112,-0.00022227647980018112
-7.490716028046469e-05,7.490716028046469e-05
-0.0001907772997960176,0.0001907772997960176
-0.00023309748962742675,0.00023309748962742675
5.344578272847413e-05,-5.344578272847413e-05
-0.0002144185952975972,0.0002144185952975972
-0.00015828097038463743,0.00015828097038463743
-8.864688112873636e-05,8.864688112873636e-05
0.00015045553610400366,-0.00015045553610400366
-7.125760045613628e-05,7.125760045613628e-05
0.00012329162964909774,-0.00012329162964909774
-0.00022347442023132915,0.00022347442023132915
-0.0001501400588390531,0.0001501400588390531
-0.00020893717732947277,0.00020893717732947277
7.390810418616849e-05,-7.390810418616849e-05
-0.00013049116907030254,0.00013049116907030254
5.762430790911522e-05,-5.762430790911522e-05
-0.00014503120314238093,0.00014503120314238093
0.00010977797247662594,-0.00010977797247662594
3.2506840415200854e-05,-3.2506840415200854e-05
9.434053757565631e-05,-9.434053757565631e-05
-0.00020875975215564044,0.00020875975215564044
-0.00017337155784682496,0.00017337155784682496
5.390035372480144e-05,-5.390035372480144e-05
0.0003081059206981864,-0.0003081059206981864
2.7072206600122238e-05,-2.7072206600122238e-05
-0.0001503554099870464,0.0001503554099870464
0.0002717955600161224,-0.0002717955600161224
-0.00013322547703251955,0.00013322547703251955
-0.00024447540566808936,0.00024447540566808936
2.3959492438024188e-05,-2.3959492438024188e-05
-2.0440211571155155e-05,2.0440211571155155e-05
-3.7168861622436506e-05,3.7168861622436506e-05
4.983205973256969e-05,-4.983205973256969e-05
-2.110071151026826e-05,2.110071151026826e-05
2.5308120490347567e-05,-2.5308120490347567e-05
-0.00015579207698606984,0.00015579207698606984
-0.0005419525413961575,0.0005419525413961575
0.00030556023128866673,-0.00030556023128866673
0.00010585665382641332,-0.00010585665382641332
-0.00021511998786877886,0.00021511998786877886
3.7393617862504025e-05,-3.7393617862504025e-05
3.2889608732865e-05,-3.2889608732865e-05
-2.318912363982702e-05,2.318912363982702e-05
-0.000226871850911877,0.000226871850911877
-0.00031656283191124144,0.00031656283191124144
-9.533062569898568e-05,9.533062569898568e-05
-1.936690043055842e-05,1.936690043055842e-05
0.000198341508346802,-0.000198341508346802
8.030041194316335e-05,-8.030041194316335e-05
0.0001595068158142368,-0.0001595068158142368
-9.729661225161362e-05,9.729661225161362e-05
0.000104614583883915,-0.000104614583883915
-0.0003305547788298277,0.0003305547788298277
-0.0001339412085258064,0.0001339412085258064
-9.476049792612106e-06,9.476049792612106e-06
-4.3529648285223283e-05,4.3529648285223283e-05
-7.401768832662285e-05,7.401768832662285e-05
0.00012221460751460987,-0.00012221460751460987
-0.00021753416041937656,0.00021753416041937656
-0.0004875897167168501,0.0004875897167168501
-3.9603884544774266e-05,3.9603884544774266e-05
-0.0004274003704997434,0.0004274003704997434
-9.902464557596141e-05,9.902464557596141e-05
0.00013671481429686596,-0.00013671481429686596
0.00010813427791052641,-0.00010813427791052641
-0.00018960519860812035,0.00018960519860812035
4.5038675007319894e-05,-4.5038675007319894e-05
0.00026517618644729884,-0.00026517618644729884
-0.00016147653583165804,0.00016147653583165804
0.00012603284434854823,-0.00012603284434854823
-0.00011838768865399027,0.00011838768865399027
9.593649451971015e-05,-9.593649451971015e-05
-9.793177040873839e-05,9.793177040873839e-05
7.943338977004324e-05,-7.943338977004324e-05
-0.00017776324432418642,0.00017776324432418642
0.00018687565253942823,-0.00018687565253942823
-3.954704376343907e-05,3.954704376343907e-05
4.0503105141533157e-05,-4.0503105141533157e-05
-3.285990647824544e-05,3.285990647824544e-05
-0.00010385610408520384,0.00010385610408520384
0.00028805924748661737,-0.00028805924748661737
6.433869903961832e-05,-6.433869903961832e-05
0.00021788141496491612,-0.00021788141496491612
0.00023501731340365393,-0.00023501731340365393
-3.471320385567986e-05,3.471320385567986e-05
0.000571659879730857,-0.000571659879730857
-9.97592909068647e-05,9.97592909068647e-05
-9.657578338343295e-05,9.657578338343295e-05
8.573471474243026e-05,-8.573471474243026e-05
-0.00015310266769502623,0.00015310266769502623
-0.00012036130004741516,0.00012036130004741516
0.0001270867183025185,-0.0001270867183025185
-0.000165445635541074,0.000165445635541074
7.304784812605896e-05,-7.304784812605896e-05
-3.657336138268851e-05,3.657336138268851e-05
-4.503185526441674e-05,4.503185526441674e-05
0.0003699835192878493,-0.0003699835192878493
5.950643618064257e-05,-5.950643618064257e-05
0.00022965745835650827,-0.00022965745835650827
0.00023315680837029105,-0.00023315680837029105
-0.0002495204547671839,0.0002495204547671839
-0.000278790987772984,0.000278790987772984
4.4218111681881275e-05,-4.4218111681881275e-05
-5.131173084603776e-05,5.131173084603776e-05
-0.00015493399730345418,0.00015493399730345418
0.00017471211521417955,-0.00017471211521417955
-8.375071611872984e-06,8.375071611872984e-06
-6.0192601397514046e-05,6.0192601397514046e-05
-2.4457460370673657e-05,2.4457460370673657e-05
1.805761953937486e-06,-1.805761953937486e-06
0.0001063796486544687,-0.0001063796486544687
0.00045297996605297167,-0.00045297996605297167
-7.544300297856167e-05,7.544300297856167e-05
-1.697553597384806e-06,1.697553597384806e-06
4.488171110287678e-05,-4.488171110287678e-05
0.00016590601222899013,-0.00016590601222899013
7.930983009451656e-05,-7.930983009451656e-05
0.0003230437671464638,-0.0003230437671464638
-0.00038109186142956946,0.00038109186142956946
-5.355870702359659e-05,5.355870702359659e-05
3.615998010527448e-05,-3.615998010527448e-05
6.195948210856131e-07,-6.195948210856131e-07
6.26092749549093e-07,-6.26092749549093e-07
-9.807606844961044e-06,9.807606844961044e-06
-0.00024644396227779857,0.00024644396227779857
0.0002099643124898777,-0.0002099643124898777
0.0002672336511937071,-0.0002672336511937071
-0.0001926786188397889,0.0001926786188397889
-4.619636612356128e-05,4.619636612356128e-05
0.00023902405447187342,-0.00023902405447187342
0.0004097045235278985,-0.0004097045235278985
-0.00010266373181023366,0.00010266373181023366
0.00020489164467163212,-0.00020489164467163212
6.829006722322865e-05,-6.829006722322865e-05
0.00035917311754066347,-0.00035917311754066347
4.6055299809856336e-05,-4.6055299809856336e-05
-9.129665726054714e-06,9.129665726054714e-06
-5.277380024204173e-06,5.277380024204173e-06
5.970722327360256e-05,-5.970722327360256e-05
0.00026267658533815955,-0.00026267658533815955
0.0003292705558071222,-0.0003292705558071222
-9.191673068380477e-05,9.191673068380477e-05
3.615616131129383e-05,-3.615616131129383e-05
-5.635383172182117e-06,5.635383172182117e-06
-0.0001245320433434136,0.0001245320433434136
8.805874978720497e-05,-8.805874978720497e-05
3.571744481268593e-05,-3.571744481268593e-05
8.396005209875179e-05,-8.396005209875179e-05
7.393303150889647e-05,-7.393303150889647e-05
0.0002793603394549122,-0.0002793603394549122
-0.00018382401481403633,0.00018382401481403633
-0.00024166581107864146,0.00024166581107864146
-0.0003832797718320534,0.0003832797718320534
3.357101000541813e-05,-3.357101000541813e-05
0.0001660464896440003,-0.0001660464896440003
-0.00014360855313740425,0.00014360855313740425
-0.00012816922955030625,0.00012816922955030625
0.00019152943436300522,-0.00019152943436300522
-5.2598386146335786e-05,5.2598386146335786e-05
-7.032951575962779e-05,7.032951575962779e-05
-0.0002860105946528917,0.0002860105946528917
0.0002856392295432124,-0.0002856392295432124
0.0002661921848855382,-0.0002661921848855382
0.00015614916044287918,-0.00015614916044287918
0.0001574401068918886,-0.0001574401068918886
1.4531691840081643e-05,-1.4531691840081643e-05
-8.431360564085022e-05,8.431360564085022e-05
6.343376986074526e-06,-6.343376986074526e-06
1.935036238491304e-06,-1.935036238491304e-06
-0.0002803409219633218,0.0002803409219633218
-0.0002623192024017473,0.0002623192024017473
3.949459283649802e-05,-3.949459283649802e-05
0.0004745301548498683,-0.0004745301548498683
-0.00027613176813439793,0.00027613176813439793
6.97627850156944e-05,-6.97627850156944e-05
-0.00018013194560360804,0.00018013194560360804
0.00015626591514544304,-0.00015626591514544304
-0.0001657031127873398,0.0001657031127873398
-0.0001985644400758607,0.0001985644400758607
-0.0001375213407985673,0.0001375213407985673
-0.0005997259916186545,0.0005997259916186545
-0.0002979646622174219,0.0002979646622174219
0.00022916210895172138,-0.00022916210895172138
0.00025311892549114703,-0.00025311892549114703
0.00022778056404628067,-0.00022778056404628067
2.0011436492209248e-05,-2.0011436492209248e-05
0.0001937951612981896,-0.0001937951612981896
0.00010499017697772033,-0.00010499017697772033
-2.8152961993780707e-05,2.8152961993780707e-05
-0.00035424820731662474,0.00035424820731662474
-7.45869183826795e-05,7.45869183826795e-05
-0.00012681608308731285,0.00012681608308731285
0.00027133758954123616,-0.00027133758954123616
0.00028323044606210504,-0.00028323044606210504
0.00019261836537790247,-0.00019261836537790247
-0.00010499465631615674,0.00010499465631615674
-0.00037766584567349316,0.00037766584567349316
0.0002519861919074429,-0.0002519861919074429
-0.0001449967536835084,0.0001449967536835084
5.458954274517512e-05,-5.458954274517512e-05
0.00029603518051536697,-0.00029603518051536697
-5.0208178100166875e-05,5.0208178100166875e-05
-9.691411871142985e-05,9.691411871142985e-05
0.00013443360302871485,-0.00013443360302871485
-0.0004426244346057277,0.0004426244346057277
-0.00046697452639526634,0.00046697452639526634
-0.0001270977001278512,0.0001270977001278512
-0.00017061197337420885,0.00017061197337420885
0.0003040153891490825,-0.0003040153891490825
1.7207432875361017e-05,-1.7207432875361017e-05
-8.476098009068574e-05,8.476098009068574e-05
4.9821516559861484e-05,-4.9821516559861484e-05
-0.00010466649744714176,0.00010466649744714176
-0.0003557523659459773,0.0003557523659459773
-0.00019063934280984964,0.00019063934280984964
-2.511548198614119e-05,2.511548198614119e-05
-5.9778185811315305e-05,5.9778185811315305e-05
-0.00024707734368681653,0.00024707734368681653
-3.222946293138346e-05,3.222946293138346e-05
-0.0002915340148807571,0.0002915340148807571
8.871939233368248e-06,-8.871939233368248e-06
-0.0002212981755265759,0.0002212981755265759
1.2851559454268667e-05,-1.2851559454268667e-05
-9.997082601178831e-05,9.997082601178831e-05
-0.00018127204064180086,0.00018127204064180086
0.0001665311250719151,-0.0001665311250719151
-0.00044401132379627784,0.00044401132379627784
0.00010667746760540663,-0.00010667746760540663
0.0002834297941059757,-0.0002834297941059757
0.00030748783301583394,-0.00030748783301583394
-0.0001223607715676685,0.0001223607715676685
-9.580228033559876e-05,9.580228033559876e-05
0.00016653155490542303,-0.00016653155490542303
-0.00017208458550165083,0.00017208458550165083
2.3720734798827578e-05,-2.3720734798827578e-05
-0.00022002491384553644,0.00022002491384553644
0.00021276249030027758,-0.00021276249030027758
0.00016516927873174456,-0.00016516927873174456
-0.00031626028590211,0.00031626028590211
-3.1297643002062316e-05,3.1297643002062316e-05
0.0001177913271229675,-0.0001177913271229675
-0.0002091776898898597,0.0002091776898898597
-0.00017019584497405613,0.00017019584497405613
0.0001410002315719885,-0.0001410002315719885
-5.302713107021681e-06,5.302713107021681e-06
-0.00024948064950202075,0.00024948064950202075
0.00010209443768830956,-0.00010209443768830956
0.0001735616823847799,-0.0001735616823847799
0.00018234368780600764,-0.00018234368780600764
0.000612791462152674,-0.000612791462152674
-4.730248953513529e-05,4.730248953513529e-05
0.000395731856809369,-0.000395731856809369
5.297322762230761e-06,-5.297322762230761e-06
-0.0002996497453256838,0.0002996497453256838
0.00027300525203234936,-0.00027300525203234936
0.0003835790347112668,-0.0003835790347112668
0.0001825506411388611,-0.0001825506411388611
-0.0004672955106859062,0.0004672955106859062
-9.021234376005655e-05,9.021234376005655e-05
-0.00010325905948052907,0.00010325905948052907
9.276008700694866e-05,-9.276008700694866e-05
0.0001164817385693031,-0.0001164817385693031
-0.00015641077898143177,0.00015641077898143177
0.00017488978448519288,-0.00017488978448519288
-0.0002077633470925348,0.0002077633470925348
-0.00015028562689816847,0.00015028562689816847
6.975922917762278e-05,-6.975922917762278e-05
0.00024371098149402463,-0.00024371098149402463
-0.0001614891342336669,0.0001614891342336669
0.00020989037208433872,-0.00020989037208433872
0.00016804303210032,-0.00016804303210032
-0.00016210895142574713,0.00016210895142574713
0.0001300934753213229,-0.0001300934753213229
0.00016079040162544044,-0.00016079040162544044
0.00031117809672614435,-0.00031117809672614435
3.277976522678052e-05,-3.277976522678052e-05
0.00011966519861611497,-0.00011966519861611497
-0.00030635836828071144,0.00030635836828071144
0.00010586726790730326,-0.00010586726790730326
0.00022378630326126315,-0.00022378630326126315
0.00028791171561870266,-0.00028791171561870266
-5.986653110835304e-05,5.986653110835304e-05
-0.0001361064484892364,0.0001361064484892364
0.00022091201981042633,-0.00022091201981042633
0.00035059436909818135,-0.00035059436909818135
-0.00023993726344393295,0.00023993726344393295
-0.00013301469084786176,0.00013301469084786176
0.0003142538955242055,-0.0003142538955242055
0.00014611945932900097,-0.00014611945932900097
0.0001576438999398861,-0.0001576438999398861
0.00029234609567623535,-0.00029234609567623535
-0.00018328302563863421,0.00018328302563863421
-0.0002944841558330378,0.0002944841558330378
8.083846933818785e-05,-8.083846933818785e-05
-0.00022568222427457826,0.00022568222427457826
-6.675772473271346e-05,6.675772473271346e-05
0.00012680852174916913,-0.00012680852174916913
0.00017631804544026024,-0.00017631804544026024
-9.105757558617634e-05,9.105757558617634e-05
0.00022838154444059807,-0.00022838154444059807
0.00011283386716520844,-0.00011283386716520844
-0.00024362246275056788,0.00024362246275056788
0.00016441810683953244,-0.00016441810683953244
-0.00044730972133970906,0.00044730972133970906
0.00014584021889208631,-0.00014584021889208631
0.00013259881235308627,-0.00013259881235308627
-0.00022473115783436752,0.00022473115783436752
-0.00010728080295323003,0.00010728080295323003
0.0001762383303288076,-0.0001762383303288076
-6.878524672794161e-06,6.878524672794161e-06
-8.021881491544218e-05,8.021881491544218e-05
-0.00039527608957302376,0.00039527608957302376
0.0001365577323997185,-0.0001365577323997185
-0.00013116585976838353,0.00013116585976838353
-0.0002725704489101299,0.0002725704489101299
0.00015329775674206776,-0.00015329775674206776
0.000298303296414848,-0.000298303296414848
0.00019929729192659843,-0.00019929729192659843
-0.0003799644216782098,0.0003799644216782098
0.0002675533253965514,-0.0002675533253965514
8.757111086081505e-05,-8.757111086081505e-05
0.0005701900855552375,-0.0005701900855552375
8.575672396418638e-05,-8.575672396418638e-05
0.00020708588209088802,-0.00020708588209088802
-0.00014337223832240208,0.00014337223832240208
2.090274238413291e-05,-2.090274238413291e-05
-8.165964198823412e-05,8.165964198823412e-05
-0.00020412713741253135,0.00020412713741253135
0.00024145764974846623,-0.00024145764974846623
0.0005116635847287532,-0.0005116635847287532
-0.000250238538339331,0.000250238538339331
-7.068273505416555e-05,7.068273505416555e-05
-6.797847619614714e-05,6.797847619614714e-05
0.0002811535344380004,-0.0002811535344380004
-0.00013835389609701822,0.00013835389609701822
3.794870543981966e-05,-3.794870543981966e-05
0.00022320621663930845,-0.00022320621663930845
-3.6822939405592534e-06,3.6822939405592534e-06
-2.957150724531623e-05,2.957150724531623e-05
-5.3179854196565416e-05,5.3179854196565416e-05
-0.0002339994607219623,0.0002339994607219623
0.0003109054152319517,-0.0003109054152319517
0.00027939080028841547,-0.00027939080028841547
0.00044635003607444235,-0.00044635003607444235
0.00038018170483378785,-0.00038018170483378785
-0.0002699852464859155,0.0002699852464859155
6.233361470072899e-05,-6.233361470072899e-05
-8.996662432221648e-05,8.996662432221648e-05
2.9042421127795055e-05,-2.9042421127795055e-05
-0.00020119391885587535,0.00020119391885587535
0.00023669050267812036,-0.00023669050267812036
6.852373131092185e-05,-6.852373131092185e-05
7.121516510652538e-05,-7.121516510652538e-05
-0.00016045418306685695,0.00016045418306685695
-0.00027288206158437693,0.00027288206158437693
0.000188562481956276,-0.000188562481956276
-7.917501546920263e-05,7.917501546920263e-05
-0.0005220658983500369,0.0005220658983500369
-0.0001263437705626494,0.0001263437705626494
4.58172968094267e-05,-4.58172968094267e-05
0.00010021088185055203,-0.00010021088185055203
0.00014341426900334216,-0.00014341426900334216
0.0001262855429457174,-0.0001262855429457174
-0.00019241374953660694,0.00019241374953660694
0.00032156515045315254,-0.00032156515045315254
-0.00014419032702574455,0.00014419032702574455
-0.00037789733067120903,0.00037789733067120903
-2.9485885328118833e-05,2.9485885328118833e-05
0.0002604519403405832,-0.0002604519403405832
6.680770744612998e-05,-6.680770744612998e-05
-0.0001811937282540949,0.0001811937282540949
-7.305571310412691e-05,7.305571310412691e-05
-0.0002701874254849183,0.0002701874254849183
-0.00011615318804705525,0.00011615318804705525
0.0003942127029765604,-0.0003942127029765604
-0.00010351810013393991,0.00010351810013393991
1.5093405662180867e-05,-1.5093405662180867e-05
2.291691494623763e-05,-2.291691494623763e-05
-9.31477777991299e-05,9.31477777991299e-05
0.00013520333095756832,-0.00013520333095756832
0.0001579632668570336,-0.0001579632668570336
0.0001911990266142306,-0.0001911990266142306
-0.00023955123243708668,0.00023955123243708668
0.00020122204273985504,-0.00020122204273985504
-8.796227008664689e-06,8.796227008664689e-06
-9.943112809707931e-05,9.943112809707931e-05
0.0003739434319168694,-0.0003739434319168694
4.0483673433372284e-05,-4.0483673433372284e-05
9.934202388319509e-05,-9.934202388319509e-05
-0.0001974483675928429,0.0001974483675928429
6.676542791252147e-05,-6.676542791252147e-05
0.00014050274060329373,-0.00014050274060329373
2.4840027870733742e-05,-2.4840027870733742e-05
1.6835810696662908e-05,-1.6835810696662908e-05
0.0001176167619456385,-0.0001176167619456385
-8.214245516394075e-05,8.214245516394075e-05
-1.3862403925654125e-05,1.3862403925654125e-05
-0.00016937488893156363,0.00016937488893156363
4.549789029449627e-05,-4.549789029449627e-05
0.00028359825044512317,-0.00028359825044512317
0.0001505943710850905,-0.0001505943710850905
4.062126048977571e-05,-4.062126048977571e-05
-7.961572922642247e-05,7.961572922642247e-05
0.00022362375996224694,-0.00022362375996224694
-2.901423355976775e-05,2.901423355976775e-05
-8.252946783449523e-05,8.252946783449523e-05
-9.496277872851909e-05,9.496277872851909e-05
-0.0002698502204319658,0.0002698502204319658
2.541525893897718e-05,-2.541525893897718e-05
-0.0004228917758249159,0.0004228917758249159
1.8386518989285395e-05,-1.8386518989285395e-05
0.00034538213238356373,-0.00034538213238356373
6.703105768164551e-06,-6.703105768164551e-06
-0.00012811709675444231,0.00012811709675444231
2.727449308569178e-05,-2.727449308569178e-05
-0.00032478318104165176,0.00032478318104165176
8.757344381690738e-05,-8.757344381690738e-05
-0.00014944164440141826,0.00014944164440141826
0.0003804369357340876,-0.0003804369357340876
-0.00019326041392688246,0.00019326041392688246
0.0004228344646966601,-0.0004228344646966601
-0.0001892727165469149,0.0001892727165469149
0.00019414830666031948,-0.00019414830666031948
0.00015335524343844636,-0.00015335524343844636
-0.00023019583739016197,0.00023019583739016197
-7.205213176424183e-05,7.205213176424183e-05
-2.8049306553147628e-05,2.8049306553147628e-05
0.00014524305159760155,-0.00014524305159760155
-6.821382779439475e-05,6.821382779439475e-05
-0.00035014563543531315,0.00035014563543531315
0.00011040800998223453,-0.00011040800998223453
-0.0001770551087903716,0.0001770551087903716
-9.398846296569929e-05,9.398846296569929e-05
-0.00023054031875794663,0.00023054031875794663
-3.1958968825656346e-05,3.1958968825656346e-05
-0.00018184369745475923,0.00018184369745475923
5.319511110931052e-06,-5.319511110931052e-06
6.884610547373273e-05,-6.884610547373273e-05
0.000408850702309714,-0.000408850702309714
-0.0001909751727743151,0.0001909751727743151
0.00012601985840421964,-0.00012601985840421964
-4.4205950127899413e-05,4.4205950127899413e-05
1.2132150223248902e-05,-1.2132150223248902e-05
-4.917291139604335e-05,4.917291139604335e-05
0.00019684443202442465,-0.00019684443202442465
-0.00032443015668233346,0.00032443015668233346
3.284791891390403e-05,-3.284791891390403e-05
0.00010132954175603133,-0.00010132954175603133
0.00010103584895225536,-0.00010103584895225536
0.0002726408211666901,-0.0002726408211666901
1.9934080756067485e-05,-1.9934080756067485e-05
-0.0005295062811465607,0.0005295062811465607
0.00020112160397797615,-0.00020112160397797615
-0.0002757964412201666,0.0002757964412201666
-7.998089794600019e-05,7.998089794600019e-05
-5.535636838769153e-05,5.535636838769153e-05
9.119030702774405e-05,-9.119030702774405e-05
-5.84156618819389e-05,5.84156618819389e-05
-4.525308704672089e-05,4.525308704672089e-05
0.00022349634620403915,-0.00022349634620403915
-4.639472407611137e-05,4.639472407611137e-05
9.047071649732751e-05,-9.047071649732751e-05
0.00010497474853453594,-0.00010497474853453594
-2.310992251581958e-05,2.310992251581958e-05
0.0003754815534156196,-0.0003754815534156196
0.00020091110778917837,-0.00020091110778917837
3.7296881725386934e-05,-3.7296881725386934e-05
-0.0002645549436451653,0.0002645549436451653
0.00020246187138184152,-0.00020246187138184152
-0.00014226476112297998,0.00014226476112297998
-4.8443469792615634e-05,4.8443469792615634e-05
-0.00022330052337304773,0.00022330052337304773
9.93982557524957e-05,-9.93982557524957e-05
0.00029751695220414225,-0.00029751695220414225
2.8010060371690202e-05,-2.8010060371690202e-05
-7.188173978640505e-05,7.188173978640505e-05
-7.844948855075991e-05,7.844948855075991e-05
9.567845353269045e-05,-9.567845353269045e-05
0.00013639003189778727,-0.00013639003189778727
8.766324269555046e-05,-8.766324269555046e-05
1.6228880797272e-05,-1.6228880797272e-05
6.498935128163202e-05,-6.498935128163202e-05
-2.4424824083977045e-05,2.4424824083977045e-05
5.186720031175153e-05,-5.186720031175153e-05
-0.00026429371462345186,0.00026429371462345186
-0.00015567140156114593,0.00015567140156114593
0.00012020831833986345,-0.00012020831833986345
5.634506496646026e-05,-5.634506496646026e-05
-0.00023275960936492167,0.00023275960936492167
-0.00014584546364052053,0.00014584546364052053
-4.136806923105516e-05,4.136806923105516e-05
-6.859438635836171e-05,6.859438635836171e-05
-4.415637256443689e-05,4.415637256443689e-05
0.00015667619297793275,-0.00015667619297793275
-8.27498269791358e-05,8.27498269791358e-05
-0.0003564185233176054,0.0003564185233176054
-0.0002364435561614044,0.0002364435561614044
0.00017624270512626625,-0.00017624270512626625
1.3069534696008732e-05,-1.3069534696008732e-05
-0.00010654964712470728,0.00010654964712470728
0.00013112490744819456,-0.00013112490744819456
9.640483476237405e-05,-9.640483476237405e-05
-0.0003620086934794458,0.0003620086934794458
7.66597519608543e-05,-7.66597519608543e-05
-0.00011895897587184248,0.00011895897587184248
-0.00022936461785602055,0.00022936461785602055
0.00023750658456537865,-0.00023750658456537865
0.00029004354780051597,-0.00029004354780051597
-0.00032675064278513767,0.00032675064278513767
-0.00030452403843377794,0.00030452403843377794
0.00014687634551270286,-0.00014687634551270286
-8.575284949742568e-05,8.575284949742568e-05
-0.00021314305379214584,0.00021314305379214584
7.81463804148315e-06,-7.81463804148315e-06
-1.473515547179035e-05,1.473515547179035e-05
-0.00034676660953330055,0.00034676660953330055
0.00010812994413675784,-0.00010812994413675784
0.0001444429616978786,-0.0001444429616978786
9.53458163427939e-05,-9.53458163427939e-05
-1.7764052739310465e-05,1.7764052739310465e-05
0.00031221871315081115,-0.00031221871315081115
-0.00012240608486661746,0.00012240608486661746
0.0001219877052069582,-0.0001219877052069582
0.00022006519031987225,-0.00022006519031987225
-0.00042743635730484327,0.00042743635730484327
0.0004212114336080746,-0.0004212114336080746
-0.00021920593399978906,0.00021920593399978906
0.00018851574484900931,-0.00018851574484900931
0.00014060733038101942,-0.00014060733038101942
-7.95346836862201e-05,7.95346836862201e-05
-6.341471882808543e-05,6.341471882808543e-05
0.00010027983859512033,-0.00010027983859512033
8.743666059964413e-05,-8.743666059964413e-05
0.0003264626236675765,-0.0003264626236675765
-1.289057772596507e-05,1.289057772596507e-05
-0.00011226550961156033,0.00011226550961156033
7.683860718255917e-05,-7.683860718255917e-05
9.669229030783433e-05,-9.669229030783433e-05
-7.630120600828282e-05,7.630120600828282e-05
0.00016004293534526234,-0.00016004293534526234
0.00028030286733757016,-0.00028030286733757016
0.0005637290753517206,-0.0005637290753517206
-0.00013391916634071115,0.00013391916634071115
-0.00016509146347005018,0.00016509146347005018
-8.831993872670491e-05,8.831993872670491e-05
-6.43609863336395e-05,6.43609863336395e-05
-0.00017540290032868082,0.00017540290032868082
-7.346099132619056e-05,7.346099132619056e-05
0.0002935014939410533,-0.0002935014939410533
-8.067332331917725e-06,8.067332331917725e-06
-0.00029054586518396545,0.00029054586518396545
-0.00020145480032280035,0.00020145480032280035
-9.625723530590471e-05,9.625723530590471e-05
-0.00017112423416121755,0.00017112423416121755
-0.00017530215997328176,0.00017530215997328176
-0.0002444729868674065,0.0002444729868674065
0.0003169036088830978,-0.0003169036088830978
-6.188851467190805e-05,6.188851467190805e-05
0.0002183987886405871,-0.0002183987886405871
-0.00037576519010141217,0.00037576519010141217
-0.00023326715150020233,0.00023326715150020233
-0.000438837354710664,0.000438837354710664
0.0005329082508584043,-0.0005329082508584043
