crypto_resid,crytpo_losses
-0.00027468000778365834,0.00027468000778365834
-0.0003571128789664517,0.0003571128789664517
0.00031532070068531154,-0.00031532070068531154
-0.00021271933277472026,0.00021271933277472026
-4.6686098851234686e-05,4.6686098851234686e-05
-0.00015487339102771366,0.00015487339102771366
-0.00011894419922221429,0.00011894419922221429
-0.0008052766431535445,0.0008052766431535445
-0.0003078343137457823,0.0003078343137457823
0.000612617561091533,-0.000612617561091533
0.0003182381169878316,-0.0003182381169878316
0.001288986090967092,-0.001288986090967092
-0.0005278065721108314,0.0005278065721108314
0.00019579560186001535,-0.00019579560186001535
-0.00031211046471221987,0.00031211046471221987
0.0007884434412065064,-0.0007884434412065064
-0.001006555064301381,0.001006555064301381
-0.0004906343443209448,0.0004906343443209448
0.0002029460316370815,-0.0002029460316370815
-0.0011055546511811527,0.0011055546511811527
0.00010504347413981352,-0.00010504347413981352
0.0002760070945608945,-0.0002760070945608945
-0.0011547391800482657,0.0011547391800482657
-0.000592672260051465,0.000592672260051465
8.991221754489311e-05,-8.991221754489311e-05
-0.00014338148329516608,0.00014338148329516608
-0.0011266187576323384,0.0011266187576323384
0.00025391399161991566,-0.00025391399161991566
0.0023056999028535073,-0.0023056999028535073
-0.0012806507666215277,0.0012806507666215277
0.00045766268085337407,-0.00045766268085337407
-0.00033507860708689144,0.00033507860708689144
0.0008340079965554673,-0.0008340079965554673
0.0014765757173229252,-0.0014765757173229252
-0.0010285897849675704,0.0010285897849675704
-0.000483970308997659,0.000483970308997659
-0.00012955592539003354,0.00012955592539003354
0.0010368536807066208,-0.0010368536807066208
-0.0002169591453357381,0.0002169591453357381
-0.0008579740183951419,0.0008579740183951419
0.0006345900568668609,-0.0006345900568668609
-5.7605244263903485e-05,5.7605244263903485e-05
-0.0004223558964074692,0.0004223558964074692
0.00013442116765568355,-0.00013442116765568355
-0.0009123519193183183,0.0009123519193183183
0.00016740600252247186,-0.00016740600252247186
-0.0002085157112152038,0.0002085157112152038
0.0002196812859025432,-0.0002196812859025432
-1.9879003804959017e-05,1.9879003804959017e-05
-2.8980928645229166e-05,2.8980928645229166e-05
-0.00044132727901803425,0.00044132727901803425
-0.0003548566544014672,0.0003548566544014672
-0.000577308064196055,0.000577308064196055
1.914397102356844e-05,-1.914397102356844e-05
0.0001134312611476836,-0.0001134312611476836
3.424178909198579e-05,-3.424178909198579e-05
-0.0007430604775447789,0.0007430604775447789
-0.0007014469680611182,0.0007014469680611182
0.00017478875596017455,-0.00017478875596017455
6.634146361169283e-05,-6.634146361169283e-05
0.0004871189960171837,-0.0004871189960171837
-0.00021210009751303945,0.00021210009751303945
0.0006831125829046993,-0.0006831125829046993
0.0004915518826682554,-0.0004915518826682554
-0.0006687915048354993,0.0006687915048354993
0.00024869415427622134,-0.00024869415427622134
-0.0012018176174575144,0.0012018176174575144
-6.485665178375215e-05,6.485665178375215e-05
0.0003143821154601446,-0.0003143821154601446
0.0009368606004654655,-0.0009368606004654655
-0.001045390811808674,0.001045390811808674
0.0001454237735045974,-0.0001454237735045974
-8.125775040949217e-05,8.125775040949217e-05
-0.001032485938549805,0.001032485938549805
-0.000637587900197718,0.000637587900197718
-7.271338978461324e-05,7.271338978461324e-05
0.0005777833941618989,-0.0005777833941618989
4.212349572357843e-05,-4.212349572357843e-05
-0.00023612774607307234,0.00023612774607307234
-0.00016336632202501768,0.00016336632202501768
-7.71771094860129e-05,7.71771094860129e-05
0.00036886130048066607,-0.00036886130048066607
-0.0014928864305891994,0.0014928864305891994
8.243297501464466e-05,-8.243297501464466e-05
-0.0004926102834792178,0.0004926102834792178
-0.0008746041707748675,0.0008746041707748675
-5.3830330548065364e-05,5.3830330548065364e-05
-0.0002632848952179519,0.0002632848952179519
-0.0015588987848844844,0.0015588987848844844
1.3818620256377911e-05,-1.3818620256377911e-05
0.0005849423194947474,-0.0005849423194947474
0.000907316974558452,-0.000907316974558452
-0.00027432448896429933,0.00027432448896429933
0.0007364930572071152,-0.0007364930572071152
0.00052134278136377,-0.00052134278136377
-5.021084503550237e-05,5.021084503550237e-05
0.00026345825588870036,-0.00026345825588870036
-6.47104098830047e-05,6.47104098830047e-05
-0.00035555598521694976,0.00035555598521694976
0.00025610740984676036,-0.00025610740984676036
-0.0004661060731567374,0.0004661060731567374
-0.0009809240751425343,0.0009809240751425343
-0.00013729163679720568,0.00013729163679720568
0.0002814474740703368,-0.0002814474740703368
-0.0002211809655285193,0.0002211809655285193
0.000381324998269107,-0.000381324998269107
5.036604156886151e-06,-5.036604156886151e-06
0.001486332041719522,-0.001486332041719522
0.0006080207600351905,-0.0006080207600351905
0.00022194407994122033,-0.00022194407994122033
0.0006434946521388887,-0.0006434946521388887
-0.00014660693062959514,0.00014660693062959514
0.00017447942615517398,-0.00017447942615517398
-0.00039763534647145105,0.00039763534647145105
-0.0006836497513847785,0.0006836497513847785
0.00017229778040776445,-0.00017229778040776445
0.00091424274700822,-0.00091424274700822
-0.0001854071125755948,0.0001854071125755948
-0.00044640259231519075,0.00044640259231519075
-7.692855627255979e-05,7.692855627255979e-05
5.254171193227538e-05,-5.254171193227538e-05
0.00017824880688491304,-0.00017824880688491304
-0.0012307724762840803,0.0012307724762840803
-0.00039363323019352104,0.00039363323019352104
0.0002569575381019122,-0.0002569575381019122
0.000681266237887255,-0.000681266237887255
-0.0002753712608679907,0.0002753712608679907
0.0010005218566925265,-0.0010005218566925265
0.0007334470062690557,-0.0007334470062690557
-0.00038128645108805774,0.00038128645108805774
0.0008749032658291929,-0.0008749032658291929
-5.958699544200585e-05,5.958699544200585e-05
-0.0008344625501856397,0.0008344625501856397
-0.00033118754982073027,0.00033118754982073027
-0.0007123857463707224,0.0007123857463707224
0.00025229148343368845,-0.00025229148343368845
0.00044127288884524294,-0.00044127288884524294
0.000553400353797388,-0.000553400353797388
-0.0009261711170049696,0.0009261711170049696
0.0007125892520356158,-0.0007125892520356158
-6.142896817946978e-05,6.142896817946978e-05
0.0003144203601768582,-0.0003144203601768582
0.00022955271430679812,-0.00022955271430679812
0.0005661673249778902,-0.0005661673249778902
-0.00034963336000128054,0.00034963336000128054
0.001121588817434943,-0.001121588817434943
0.00045330303473821296,-0.00045330303473821296
-8.8905517746531e-07,8.8905517746531e-07
-0.0008521034260302256,0.0008521034260302256
0.0002206127742566865,-0.0002206127742566865
4.865037834472563e-05,-4.865037834472563e-05
-0.0007350797389255766,0.0007350797389255766
0.00048419722327474755,-0.00048419722327474755
-0.0005817563027129226,0.0005817563027129226
-0.0006076504759224466,0.0006076504759224466
-0.0012418845211047505,0.0012418845211047505
-0.00012174051381103187,0.00012174051381103187
0.0005720017416625751,-0.0005720017416625751
-0.00017035157997046988,0.00017035157997046988
0.0006854708413945193,-0.0006854708413945193
0.00012822570606997092,-0.00012822570606997092
0.0007178717206941947,-0.0007178717206941947
-7.453140952117261e-05,7.453140952117261e-05
0.00038687805549603393,-0.00038687805549603393
-7.420761995870077e-05,7.420761995870077e-05
-0.0002576908412234324,0.0002576908412234324
-0.0003702189334552264,0.0003702189334552264
-3.548625640414178e-05,3.548625640414178e-05
0.0011396753486911883,-0.0011396753486911883
-6.6119257693533296e-06,6.6119257693533296e-06
-0.0005598255858234597,0.0005598255858234597
0.0005828969087962948,-0.0005828969087962948
0.0002175135047281145,-0.0002175135047281145
-0.00047659537085602657,0.00047659537085602657
-0.0004466605468144109,0.0004466605468144109
-0.00022986534424917988,0.00022986534424917988
-0.0005149595194452004,0.0005149595194452004
-0.00013521053870109873,0.00013521053870109873
0.0006380020900251168,-0.0006380020900251168
0.0005209416141006063,-0.0005209416141006063
-0.0003227953459324568,0.0003227953459324568
-0.0003732100157056985,0.0003732100157056985
0.0002439039571816015,-0.0002439039571816015
-0.00015530377683512848,0.00015530377683512848
-9.114549604277234e-05,9.114549604277234e-05
-0.0001356857307471347,0.0001356857307471347
0.0012726725821510872,-0.0012726725821510872
2.2012522694034016e-05,-2.2012522694034016e-05
8.139013829526755e-06,-8.139013829526755e-06
5.219792536962885e-05,-5.219792536962885e-05
0.0005273379041410423,-0.0005273379041410423
7.059056100176643e-05,-7.059056100176643e-05
0.00048507779493544667,-0.00048507779493544667
0.0004947535415509376,-0.0004947535415509376
-0.0008107953130831137,0.0008107953130831137
-7.084791755436991e-05,7.084791755436991e-05
0.0007808283970391409,-0.0007808283970391409
-0.0003003485692808716,0.0003003485692808716
0.00046143349903573236,-0.00046143349903573236
-0.0008649548133037125,0.0008649548133037125
0.000251758762681944,-0.000251758762681944
-0.0012895927805434157,0.0012895927805434157
6.379453143011909e-05,-6.379453143011909e-05
-0.0005454446727455528,0.0005454446727455528
9.337827238056813e-05,-9.337827238056813e-05
0.0005438486655949102,-0.0005438486655949102
-0.00032430387204805645,0.00032430387204805645
0.0004402059846684021,-0.0004402059846684021
0.0008017291426587091,-0.0008017291426587091
0.00037287426205120537,-0.00037287426205120537
-0.00016676654149508084,0.00016676654149508084
0.0002440491472827107,-0.0002440491472827107
7.47312757579718e-05,-7.47312757579718e-05
-7.643838299857605e-05,7.643838299857605e-05
-0.0005765184320609309,0.0005765184320609309
-2.1630565254406427e-05,2.1630565254406427e-05
0.00027075609446665583,-0.00027075609446665583
-0.0001438017241329039,0.0001438017241329039
-4.879503513024427e-05,4.879503513024427e-05
-0.00014458864921329444,0.00014458864921329444
-4.453688416628826e-05,4.453688416628826e-05
-0.0004918704090025482,0.0004918704090025482
0.0010730320111191779,-0.0010730320111191779
-0.0003642137022506122,0.0003642137022506122
-0.0005660123829309947,0.0005660123829309947
-0.0002451953320317682,0.0002451953320317682
-5.2312898727130066e-05,5.2312898727130066e-05
-0.0008049894567895869,0.0008049894567895869
0.0006869717878989014,-0.0006869717878989014
-0.0001798358929467394,0.0001798358929467394
0.00029140042269213545,-0.00029140042269213545
-0.00044874568596524333,0.00044874568596524333
0.0003305643593643541,-0.0003305643593643541
6.235517937622464e-05,-6.235517937622464e-05
-0.0006133287901722941,0.0006133287901722941
-0.0009349607288686574,0.0009349607288686574
-0.0011910193014769011,0.0011910193014769011
-5.251612846272018e-05,5.251612846272018e-05
0.00020803305995525478,-0.00020803305995525478
0.0006826937029636295,-0.0006826937029636295
-6.937396982101222e-05,6.937396982101222e-05
0.00046590544576061404,-0.00046590544576061404
0.000631694647356701,-0.000631694647356701
-0.0003232301725002602,0.0003232301725002602
-0.0002812088663421192,0.0002812088663421192
0.00011677096596774035,-0.00011677096596774035
0.00021057315950034607,-0.00021057315950034607
0.00037159826002981095,-0.00037159826002981095
-0.00010183359993197973,0.00010183359993197973
0.0009501212714660709,-0.0009501212714660709
0.0004581935852748377,-0.0004581935852748377
-0.0003394690572817902,0.0003394690572817902
0.0005454351643299283,-0.0005454351643299283
-0.0002777635003761432,0.0002777635003761432
-0.00021145877188215984,0.00021145877188215984
0.000623104145288577,-0.000623104145288577
6.314245707936776e-05,-6.314245707936776e-05
0.0004391519652898997,-0.0004391519652898997
0.00041112920783104083,-0.00041112920783104083
0.0009342228035015665,-0.0009342228035015665
0.00048804825923444775,-0.00048804825923444775
-0.00065630821002816,0.00065630821002816
0.0003630524776360409,-0.0003630524776360409
0.0003675869580162683,-0.0003675869580162683
4.5573068710882584e-05,-4.5573068710882584e-05
-0.0011138252634656299,0.0011138252634656299
-0.0001034883855590781,0.0001034883855590781
0.0004427418518717244,-0.0004427418518717244
-0.00032797167802408846,0.00032797167802408846
-0.00017345172052979398,0.00017345172052979398
-0.0002841320095569345,0.0002841320095569345
0.0005605185937703481,-0.0005605185937703481
-0.0001660805032702248,0.0001660805032702248
-0.0006444724603708499,0.0006444724603708499
-0.000876016588858883,0.000876016588858883
0.0005282212228866102,-0.0005282212228866102
6.3175594814636135e-06,-6.3175594814636135e-06
0.00034615109550407074,-0.00034615109550407074
-0.00011573954780986182,0.00011573954780986182
-1.0305238546172961e-05,1.0305238546172961e-05
0.00013297021244962565,-0.00013297021244962565
-7.377058982923924e-05,7.377058982923924e-05
-2.8985548871148125e-05,2.8985548871148125e-05
0.0008458697286447155,-0.0008458697286447155
-8.467564756753555e-05,8.467564756753555e-05
0.00017375146810576854,-0.00017375146810576854
0.00032250346293784493,-0.00032250346293784493
-0.00010229683655282292,0.00010229683655282292
0.00033784150924065645,-0.00033784150924065645
-1.4508767851992781e-05,1.4508767851992781e-05
-8.030044736134143e-05,8.030044736134143e-05
-0.0004060306961676122,0.0004060306961676122
0.0006246075846734326,-0.0006246075846734326
-0.00018226311489904197,0.00018226311489904197
0.0006670338614496668,-0.0006670338614496668
-0.0002814775937310058,0.0002814775937310058
4.4441670249667396e-05,-4.4441670249667396e-05
0.0007344471983183796,-0.0007344471983183796
-0.0011727774475287535,0.0011727774475287535
-5.783335386588047e-05,5.783335386588047e-05
-0.0001450678620305261,0.0001450678620305261
-0.0002316192087212909,0.0002316192087212909
0.00039034831439497267,-0.00039034831439497267
-0.0010373585708559922,0.0010373585708559922
0.000982118274681272,-0.000982118274681272
0.0001538373910074465,-0.0001538373910074465
-0.00016863995988097564,0.00016863995988097564
-0.0003333984725586888,0.0003333984725586888
-0.0003951565966422108,0.0003951565966422108
-0.00012589613826625163,0.00012589613826625163
0.0005295231898305446,-0.0005295231898305446
-0.0002493236944829688,0.0002493236944829688
0.00030933364867598073,-0.00030933364867598073
-2.609660353301076e-05,2.609660353301076e-05
-0.0007545832974337056,0.0007545832974337056
0.0005328026743285602,-0.0005328026743285602
0.0005928460103359703,-0.0005928460103359703
0.00030580431793456796,-0.00030580431793456796
-0.00045814973344734315,0.00045814973344734315
0.0003032298556437279,-0.0003032298556437279
0.00012935807073333847,-0.00012935807073333847
0.0005879011329914574,-0.0005879011329914574
-0.0007111546503802281,0.0007111546503802281
-0.00023852071357922063,0.00023852071357922063
0.00021969507791224572,-0.00021969507791224572
-0.0005155143648420857,0.0005155143648420857
-7.785333420972496e-05,7.785333420972496e-05
-2.120255911115488e-05,2.120255911115488e-05
-0.0015733965389519047,0.0015733965389519047
0.0007762045588390535,-0.0007762045588390535
-0.0009593338534145365,0.0009593338534145365
-0.00027839771305797264,0.00027839771305797264
-0.001252984399314676,0.001252984399314676
0.0001990451769851656,-0.0001990451769851656
0.0003418250476466312,-0.0003418250476466312
-0.0001986097634276254,0.0001986097634276254
0.00011091899417143212,-0.00011091899417143212
0.0007015761760763987,-0.0007015761760763987
0.0006111996017632602,-0.0006111996017632602
0.0004508375499961266,-0.0004508375499961266
-0.0005528328600584629,0.0005528328600584629
-0.0003419600201018412,0.0003419600201018412
-0.000448042946106188,0.000448042946106188
-0.0005521950896510994,0.0005521950896510994
0.00019994821491393943,-0.00019994821491393943
0.0002681772480443066,-0.0002681772480443066
0.0010354721163367915,-0.0010354721163367915
0.0004880199219326805,-0.0004880199219326805
0.0001536584145492864,-0.0001536584145492864
-5.510090168680705e-05,5.510090168680705e-05
1.9854358757460937e-05,-1.9854358757460937e-05
-0.0003956066501465738,0.0003956066501465738
-8.455908331773081e-05,8.455908331773081e-05
-0.00038723544174796773,0.00038723544174796773
-0.0005719749649238613,0.0005719749649238613
-0.000272539391708199,0.000272539391708199
-0.000424431882217276,0.000424431882217276
-0.00047495768575624885,0.00047495768575624885
-0.00038858715773510907,0.00038858715773510907
0.00019772021067953905,-0.00019772021067953905
0.0008398163299039828,-0.0008398163299039828
0.00017074117470728236,-0.00017074117470728236
0.00039957167583413213,-0.00039957167583413213
0.0006280105384048886,-0.0006280105384048886
-0.00011745945651353715,0.00011745945651353715
3.753783530281446e-05,-3.753783530281446e-05
0.0006136254707134289,-0.0006136254707134289
-0.0005032405831853944,0.0005032405831853944
-0.0006739451596575564,0.0006739451596575564
-0.00015860187281347573,0.00015860187281347573
-0.00019487139034879295,0.00019487139034879295
0.0005127963000544542,-0.0005127963000544542
0.0007170514828265961,-0.0007170514828265961
0.0012828796032118097,-0.0012828796032118097
0.00044333818856007943,-0.00044333818856007943
-0.0005637314847596042,0.0005637314847596042
0.0005464012305296313,-0.0005464012305296313
0.0005723427408800754,-0.0005723427408800754
0.0005887868881353327,-0.0005887868881353327
-0.00014978932756405314,0.00014978932756405314
5.512992144382235e-05,-5.512992144382235e-05
0.0003871583064574001,-0.0003871583064574001
-0.00053113073812254,0.00053113073812254
-0.0006101005713610734,0.0006101005713610734
-0.00045373438431462756,0.00045373438431462756
0.0006107775973405768,-0.0006107775973405768
-0.0007136812152970445,0.0007136812152970445
-0.0002750075263582796,0.0002750075263582796
0.0006440776246334384,-0.0006440776246334384
0.00026179108130644784,-0.00026179108130644784
0.0002904648655021434,-0.0002904648655021434
0.0011447544741731762,-0.0011447544741731762
0.00018725576130244323,-0.00018725576130244323
-6.02215397529119e-05,6.02215397529119e-05
0.0001632908566761656,-0.0001632908566761656
0.0003764217278512698,-0.0003764217278512698
0.0012759544647418645,-0.0012759544647418645
2.055167624089412e-05,-2.055167624089412e-05
-0.0007534531904542155,0.0007534531904542155
0.0007498721010130345,-0.0007498721010130345
-0.001398852731542013,0.001398852731542013
0.00019907076643066243,-0.00019907076643066243
0.0010115698534879393,-0.0010115698534879393
0.0002958767810220486,-0.0002958767810220486
0.0002543435273383021,-0.0002543435273383021
0.0009355031794033492,-0.0009355031794033492
7.038431119922795e-05,-7.038431119922795e-05
0.0007654731404725572,-0.0007654731404725572
0.00048754154687855554,-0.00048754154687855554
-0.0007203874209202645,0.0007203874209202645
-0.0005877414099612196,0.0005877414099612196
-0.0006134081073716914,0.0006134081073716914
9.25674232378429e-05,-9.25674232378429e-05
-7.247922612767162e-05,7.247922612767162e-05
-1.631588817893329e-05,1.631588817893329e-05
0.0009818617246556483,-0.0009818617246556483
-0.000671357707111404,0.000671357707111404
-0.0002044669460673802,0.0002044669460673802
-0.0008560042601592808,0.0008560042601592808
-0.0008815555371146178,0.0008815555371146178
0.0015058308634918857,-0.0015058308634918857
-0.00018568461969433912,0.00018568461969433912
0.0010922894341552493,-0.0010922894341552493
0.00014543693655201843,-0.00014543693655201843
0.00037975887405428555,-0.00037975887405428555
-0.0002695260752304551,0.0002695260752304551
0.0010069923937615377,-0.0010069923937615377
0.0005077416128312527,-0.0005077416128312527
5.436906734737742e-07,-5.436906734737742e-07
0.0003787745950899246,-0.0003787745950899246
-0.00027291282834797283,0.00027291282834797283
0.0004595147933016018,-0.0004595147933016018
-0.00016441223475870332,0.00016441223475870332
0.0005120353515986903,-0.0005120353515986903
-0.00047365803202914383,0.00047365803202914383
0.0004985697136166497,-0.0004985697136166497
-0.0005294769034701734,0.0005294769034701734
0.00021460021758454049,-0.00021460021758454049
0.0004899685091171407,-0.0004899685091171407
5.343192140859742e-05,-5.343192140859742e-05
-0.00039739654072960476,0.00039739654072960476
-0.00019425252651036995,0.00019425252651036995
-0.0007996164550925034,0.0007996164550925034
-0.00010056276841789095,0.00010056276841789095
0.00036173247868367573,-0.00036173247868367573
6.74817822915131e-05,-6.74817822915131e-05
0.0006270886438251372,-0.0006270886438251372
-0.0010084723635034915,0.0010084723635034915
-0.0006519907373011833,0.0006519907373011833
-1.599182623661388e-06,1.599182623661388e-06
-0.00033799385239442845,0.00033799385239442845
-0.00032799317100595945,0.00032799317100595945
1.0113528558513936e-05,-1.0113528558513936e-05
0.00036212469834539797,-0.00036212469834539797
0.0008391841461399737,-0.0008391841461399737
-0.000888875163588741,0.000888875163588741
0.0005703753192147559,-0.0005703753192147559
-0.0014131864424578192,0.0014131864424578192
-0.0006587033030584126,0.0006587033030584126
0.00027885925679578847,-0.00027885925679578847
-0.0006741890173667384,0.0006741890173667384
-0.0003070793605544611,0.0003070793605544611
5.587711769053473e-05,-5.587711769053473e-05
-0.00027318433642999806,0.00027318433642999806
-0.00016265269290493303,0.00016265269290493303
-0.00027660359794812737,0.00027660359794812737
0.00015765522278803708,-0.00015765522278803708
-0.0001067222194296407,0.0001067222194296407
-7.886711884712896e-05,7.886711884712896e-05
-0.001013460036531199,0.001013460036531199
-0.00039347893271457404,0.00039347893271457404
9.079526096659779e-05,-9.079526096659779e-05
-0.0009425525985018614,0.0009425525985018614
-0.0009220780014903829,0.0009220780014903829
0.00018729390892904314,-0.00018729390892904314
0.000192403322804799,-0.000192403322804799
0.0008418653609834116,-0.0008418653609834116
-0.0008870606435144216,0.0008870606435144216
0.0004066860902443356,-0.0004066860902443356
0.0004429155353454349,-0.0004429155353454349
-0.0007286373890762633,0.0007286373890762633
0.00014819741946754748,-0.00014819741946754748
0.00010537214396581226,-0.00010537214396581226
-2.6023062110053535e-05,2.6023062110053535e-05
0.00011466780246240789,-0.00011466780246240789
0.001139602154858878,-0.001139602154858878
7.777527860237184e-05,-7.777527860237184e-05
-0.0004674492473521328,0.0004674492473521328
-0.0006618235680473999,0.0006618235680473999
-0.000171198970720362,0.000171198970720362
0.0004329237962686533,-0.0004329237962686533
0.0004298734844612522,-0.0004298734844612522
-0.00024170682319434803,0.00024170682319434803
-5.275452763146317e-05,5.275452763146317e-05
-0.00010439960695972914,0.00010439960695972914
0.0007003739060020714,-0.0007003739060020714
0.0003623926758334405,-0.0003623926758334405
-0.00011197079199809977,0.00011197079199809977
0.0005488293635478605,-0.0005488293635478605
-0.0004540286022548038,0.0004540286022548038
0.0005952943815741304,-0.0005952943815741304
-0.0004189041892678272,0.0004189041892678272
3.570867169656793e-05,-3.570867169656793e-05
0.00033221181861207744,-0.00033221181861207744
0.0007339787478925983,-0.0007339787478925983
0.0006272278054072333,-0.0006272278054072333
-0.0008409950791900915,0.0008409950791900915
-0.0006116312096668586,0.0006116312096668586
-0.000710557564384559,0.000710557564384559
0.00024787192857088976,-0.00024787192857088976
0.00043844844334828183,-0.00043844844334828183
7.703292081850125e-05,-7.703292081850125e-05
0.0013063719094040598,-0.0013063719094040598
-0.0006173063165207264,0.0006173063165207264
-0.00027730133614753107,0.00027730133614753107
-0.0011541652722772571,0.0011541652722772571
0.00023171623574526814,-0.00023171623574526814
0.0007098392509719482,-0.0007098392509719482
3.753310711830237e-05,-3.753310711830237e-05
-3.298010415976207e-05,3.298010415976207e-05
7.164966675773319e-05,-7.164966675773319e-05
0.0002537295577622227,-0.0002537295577622227
0.0008028194679882005,-0.0008028194679882005
-3.466210163896317e-05,3.466210163896317e-05
-0.0004296490019689136,0.0004296490019689136
-1.211123843758682e-05,1.211123843758682e-05
7.100785132485368e-05,-7.100785132485368e-05
0.0001250221533929652,-0.0001250221533929652
0.0011031662005021804,-0.0011031662005021804
-0.0008995752438114377,0.0008995752438114377
0.0006897074707062252,-0.0006897074707062252
0.0008627166846666433,-0.0008627166846666433
-5.273985662375175e-05,5.273985662375175e-05
0.0009464583779071738,-0.0009464583779071738
-0.0006216593620668383,0.0006216593620668383
0.0002959622684645948,-0.0002959622684645948
0.0012817183153602729,-0.0012817183153602729
-0.0009353064490590351,0.0009353064490590351
0.00055065087424823,-0.00055065087424823
0.0004530340814256886,-0.0004530340814256886
0.00023804024269018584,-0.00023804024269018584
0.00032674604299378946,-0.00032674604299378946
0.00030027321175144276,-0.00030027321175144276
0.0012152991807520077,-0.0012152991807520077
0.00032897622415156236,-0.00032897622415156236
0.0006970047111091631,-0.0006970047111091631
0.00019886848520174423,-0.00019886848520174423
0.00013034621762980105,-0.00013034621762980105
-0.0006504165835415664,0.0006504165835415664
9.053828526405025e-05,-9.053828526405025e-05
0.00042318259627799207,-0.00042318259627799207
8.962157505001934e-06,-8.962157505001934e-06
-6.630917271578595e-05,6.630917271578595e-05
-2.182673598264509e-05,2.182673598264509e-05
-0.0003042331522439192,0.0003042331522439192
-0.00016976614817428606,0.00016976614817428606
-0.00046126603762898,0.00046126603762898
-0.00020392761200383125,0.00020392761200383125
9.063430134064147e-05,-9.063430134064147e-05
0.0004247913475541244,-0.0004247913475541244
-0.0002920507004473715,0.0002920507004473715
0.0006936162029962138,-0.0006936162029962138
0.0005257870475972846,-0.0005257870475972846
-1.8512856875537744e-05,1.8512856875537744e-05
-0.00043093100827189224,0.00043093100827189224
0.0008567779961547639,-0.0008567779961547639
0.0004816067804582198,-0.0004816067804582198
-0.00014111249638094312,0.00014111249638094312
0.0011540721328395982,-0.0011540721328395982
-0.00048820305546933484,0.00048820305546933484
-0.00022424494967372162,0.00022424494967372162
-0.00014089245791293415,0.00014089245791293415
0.0004968971259608579,-0.0004968971259608579
-3.815001555158059e-05,3.815001555158059e-05
-0.0003256255805718731,0.0003256255805718731
-0.0004265207051924883,0.0004265207051924883
-0.0003644343434616265,0.0003644343434616265
0.00014959144595868298,-0.00014959144595868298
2.444784746321846e-05,-2.444784746321846e-05
-0.0005447843459406243,0.0005447843459406243
-0.002059416616007123,0.002059416616007123
-0.0002912668047440226,0.0002912668047440226
0.00037817671066579545,-0.00037817671066579545
-0.0002536874966714566,0.0002536874966714566
0.0001969260771259587,-0.0001969260771259587
0.0003019681697229178,-0.0003019681697229178
-6.447964241722076e-05,6.447964241722076e-05
0.0006678239760632347,-0.0006678239760632347
0.0002815957005582951,-0.0002815957005582951
-9.831732791862888e-05,9.831732791862888e-05
0.0009635664574395781,-0.0009635664574395781
0.0004735859410190795,-0.0004735859410190795
-8.347144783812731e-05,8.347144783812731e-05
-0.0003570993845916096,0.0003570993845916096
-0.00025430917558457496,0.00025430917558457496
-0.0008025522332895235,0.0008025522332895235
-4.121890878224752e-05,4.121890878224752e-05
-0.00021369062158556177,0.00021369062158556177
-0.0003067727236593079,0.0003067727236593079
9.378051509991984e-05,-9.378051509991984e-05
-0.00022133871273045618,0.00022133871273045618
-0.0004214111032780869,0.0004214111032780869
0.0005701171979218,-0.0005701171979218
0.0004872250552173844,-0.0004872250552173844
-0.00016128897928212546,0.00016128897928212546
-0.00043859240566575074,0.00043859240566575074
0.0011971683995664823,-0.0011971683995664823
0.0011201834431093507,-0.0011201834431093507
-5.598775911861987e-05,5.598775911861987e-05
0.0004390183405864152,-0.0004390183405864152
-9.962533131290536e-05,9.962533131290536e-05
-0.0003381755404671903,0.0003381755404671903
0.0011201691652687159,-0.0011201691652687159
0.0006965531103809521,-0.0006965531103809521
0.0009877957170096084,-0.0009877957170096084
7.266629631261825e-05,-7.266629631261825e-05
0.00010230576162713356,-0.00010230576162713356
-2.3770946300782774e-05,2.3770946300782774e-05
0.0007500597431683017,-0.0007500597431683017
4.531952563550874e-05,-4.531952563550874e-05
-0.001077511998626262,0.001077511998626262
0.0009622542768662542,-0.0009622542768662542
0.0005435646465091472,-0.0005435646465091472
0.0004323350968774835,-0.0004323350968774835
-0.0003965591943692613,0.0003965591943692613
-0.0010294223712969891,0.0010294223712969891
0.00040355616079430816,-0.00040355616079430816
0.0004981510495253364,-0.0004981510495253364
0.000496058110270625,-0.000496058110270625
-0.00019389512219522754,0.00019389512219522754
-0.0008350585571486182,0.0008350585571486182
-2.5504728264116687e-05,2.5504728264116687e-05
-0.0003997895736776307,0.0003997895736776307
-0.0013570209981548825,0.0013570209981548825
-0.0007398196346306591,0.0007398196346306591
-0.00025747115278222334,0.00025747115278222334
-0.0001965364947559461,0.0001965364947559461
0.000216878782394851,-0.000216878782394851
8.980491636108506e-05,-8.980491636108506e-05
0.0002961301603265342,-0.0002961301603265342
-3.0412335015373034e-05,3.0412335015373034e-05
0.00037586626057678306,-0.00037586626057678306
-0.00043744894965564774,0.00043744894965564774
-5.38352652573198e-05,5.38352652573198e-05
-0.0007932208093797907,0.0007932208093797907
-8.333425835631048e-05,8.333425835631048e-05
0.0004067605306770837,-0.0004067605306770837
-0.0019432090146921058,0.0019432090146921058
-0.0007885025019883285,0.0007885025019883285
-0.0016398269220900762,0.0016398269220900762
0.0011965563313422372,-0.0011965563313422372
-0.0005191159027065331,0.0005191159027065331
0.0007515360596520447,-0.0007515360596520447
-5.0212009085614774e-05,5.0212009085614774e-05
0.0005747828635899105,-0.0005747828635899105
0.0011077938956296468,-0.0011077938956296468
0.0010643995532082908,-0.0010643995532082908
-0.00017607942425000453,0.00017607942425000453
-0.0006744294239851958,0.0006744294239851958
0.0005120088719458565,-0.0005120088719458565
0.00031332882999402553,-0.00031332882999402553
0.00010600521708298413,-0.00010600521708298413
0.000526194744302668,-0.000526194744302668
-0.00045585508369429283,0.00045585508369429283
-0.00021046029340820592,0.00021046029340820592
0.0005320338672128821,-0.0005320338672128821
-5.785334120989324e-05,5.785334120989324e-05
0.00025256647307513226,-0.00025256647307513226
-0.0012502639733848423,0.0012502639733848423
-0.00028753174859178274,0.00028753174859178274
-0.00043187098789640097,0.00043187098789640097
-0.0006576901841936346,0.0006576901841936346
0.0007089196889617888,-0.0007089196889617888
-0.0004181635101358473,0.0004181635101358473
0.0004591443601956839,-0.0004591443601956839
-0.00023606391763087282,0.00023606391763087282
-0.0012150421715657802,0.0012150421715657802
-0.0001105002626035199,0.0001105002626035199
-0.00032247533710088585,0.00032247533710088585
-0.0005443853936151113,0.0005443853936151113
0.00014171356980719052,-0.00014171356980719052
1.1211031870515888e-05,-1.1211031870515888e-05
-5.635601741557587e-05,5.635601741557587e-05
-0.00014168458708294746,0.00014168458708294746
0.0005886415738516658,-0.0005886415738516658
0.00010909265012815967,-0.00010909265012815967
-0.0010083235228220985,0.0010083235228220985
-0.0002859960601158047,0.0002859960601158047
7.453727576658263e-05,-7.453727576658263e-05
0.0006205501865159834,-0.0006205501865159834
0.0003443850226253431,-0.0003443850226253431
0.0002389400116952202,-0.0002389400116952202
-0.0002929574384276439,0.0002929574384276439
0.0005850320822685337,-0.0005850320822685337
-0.0003976504720389956,0.0003976504720389956
-0.0008144178492932734,0.0008144178492932734
0.0005688881477034361,-0.0005688881477034361
-0.0004699840499557843,0.0004699840499557843
0.0001807349617978853,-0.0001807349617978853
0.00018093125608363222,-0.00018093125608363222
-0.001270992321525159,0.001270992321525159
-0.00011231804167554868,0.00011231804167554868
-0.0005798858857379162,0.0005798858857379162
-0.000697729887995097,0.000697729887995097
-8.146857977221888e-05,8.146857977221888e-05
3.1665866330741895e-05,-3.1665866330741895e-05
-0.00041938688852165523,0.00041938688852165523
-0.000643948783448341,0.000643948783448341
-0.0006453127100070268,0.0006453127100070268
0.00040762969507626603,-0.00040762969507626603
0.00014789865401560332,-0.00014789865401560332
0.0007699589934671576,-0.0007699589934671576
-7.490158073373122e-05,7.490158073373122e-05
-0.0007313347555216209,0.0007313347555216209
0.0007473374413711836,-0.0007473374413711836
0.0006211162776435141,-0.0006211162776435141
0.00046407557647506527,-0.00046407557647506527
0.0005698495486265423,-0.0005698495486265423
-0.0007904284964318472,0.0007904284964318472
-0.00026419931029608994,0.00026419931029608994
-9.626972437288132e-05,9.626972437288132e-05
0.0005702845846197108,-0.0005702845846197108
-8.182635734305617e-05,8.182635734305617e-05
-0.0006677058770040013,0.0006677058770040013
0.0007570543307570758,-0.0007570543307570758
-0.0011804192269212353,0.0011804192269212353
0.00024000769855347018,-0.00024000769855347018
0.00038059632119511995,-0.00038059632119511995
0.00022109249429176257,-0.00022109249429176257
0.0002224142261049416,-0.0002224142261049416
-0.00048377001424907817,0.00048377001424907817
-0.00036161270461357645,0.00036161270461357645
0.00046588080137993643,-0.00046588080137993643
0.000655758109840172,-0.000655758109840172
-5.944475883785743e-06,5.944475883785743e-06
7.229826436763806e-05,-7.229826436763806e-05
-0.00019205867711417,0.00019205867711417
-0.0005699746622504639,0.0005699746622504639
0.001290292628423984,-0.001290292628423984
1.1838664996305598e-05,-1.1838664996305598e-05
-0.0008213769348896624,0.0008213769348896624
-0.0006032137499470966,0.0006032137499470966
7.765650046838893e-05,-7.765650046838893e-05
0.00032484265609319875,-0.00032484265609319875
0.00018276062029748874,-0.00018276062029748874
0.0005838397941688973,-0.0005838397941688973
-0.000277364820047347,0.000277364820047347
-0.00023060462098007306,0.00023060462098007306
0.00028731468653410137,-0.00028731468653410137
0.00012583460085887528,-0.00012583460085887528
0.00012617752165553945,-0.00012617752165553945
-0.001033654106131048,0.001033654106131048
0.0002387519057299495,-0.0002387519057299495
0.0001618170056031288,-0.0001618170056031288
0.0007094704154287732,-0.0007094704154287732
0.0007240996700393356,-0.0007240996700393356
-0.0006877921090488498,0.0006877921090488498
-0.0008379487678606231,0.0008379487678606231
0.0004715966723139349,-0.0004715966723139349
-0.00018138627635831803,0.00018138627635831803
0.00033235336061396867,-0.00033235336061396867
8.004369664771203e-05,-8.004369664771203e-05
0.0004788824601484131,-0.0004788824601484131
0.0013307373618253065,-0.0013307373618253065
6.055133720264883e-05,-6.055133720264883e-05
-0.0005508718778268398,0.0005508718778268398
2.847264429267342e-05,-2.847264429267342e-05
-0.0003079367760128714,0.0003079367760128714
0.00012090202549044823,-0.00012090202549044823
0.00016671033838970358,-0.00016671033838970358
-0.0007163734293488732,0.0007163734293488732
0.0002355677705127384,-0.0002355677705127384
0.00042242360447765424,-0.00042242360447765424
-0.0019027363503462517,0.0019027363503462517
-0.0001965201679520192,0.0001965201679520192
-0.0013849880718696164,0.0013849880718696164
0.0019292061008905027,-0.0019292061008905027
-0.000516616741029975,0.000516616741029975
-8.499205053864703e-05,8.499205053864703e-05
0.0006738684879942604,-0.0006738684879942604
-0.0007549295727388934,0.0007549295727388934
0.001404260499784841,-0.001404260499784841
-6.475796901510435e-05,6.475796901510435e-05
-0.0007723804702779555,0.0007723804702779555
-0.0004447956946066249,0.0004447956946066249
0.00022332279371895986,-0.00022332279371895986
0.0006328329518995991,-0.0006328329518995991
-0.0009029957004185948,0.0009029957004185948
-0.00015812298875491682,0.00015812298875491682
-2.5695631477610088e-05,2.5695631477610088e-05
0.0009064278630110731,-0.0009064278630110731
-0.00019835634762736386,0.00019835634762736386
-0.00011499761970028048,0.00011499761970028048
0.0008757807953249839,-0.0008757807953249839
0.0009459776355047364,-0.0009459776355047364
-0.0007315180371138662,0.0007315180371138662
-0.0012701419917783637,0.0012701419917783637
0.00034527940085381427,-0.00034527940085381427
0.0005938239346541966,-0.0005938239346541966
0.00037777403801241287,-0.00037777403801241287
0.00035323267681868767,-0.00035323267681868767
-0.000169830146598102,0.000169830146598102
-0.0008258409931281364,0.0008258409931281364
0.00044475802343648904,-0.00044475802343648904
-0.00019184988514854575,0.00019184988514854575
-0.0012039948357659698,0.0012039948357659698
0.00035831714227536454,-0.00035831714227536454
-7.269067061085278e-05,7.269067061085278e-05
0.0002746799950891959,-0.0002746799950891959
0.00017623767115864476,-0.00017623767115864476
-0.000965569297555652,0.000965569297555652
0.00024151718493345577,-0.00024151718493345577
-0.00038853942161255094,0.00038853942161255094
-0.0007292252702920194,0.0007292252702920194
0.0007078244168143117,-0.0007078244168143117
0.0004142656630186434,-0.0004142656630186434
-0.0003928621139529351,0.0003928621139529351
-6.41729457663477e-05,6.41729457663477e-05
0.00027696452003219275,-0.00027696452003219275
-0.00045233560671470083,0.00045233560671470083
-1.4461971638733958e-05,1.4461971638733958e-05
0.0005195869456409328,-0.0005195869456409328
-0.000535949710335883,0.000535949710335883
0.0014698852253987801,-0.0014698852253987801
0.000857691683890614,-0.000857691683890614
-0.00024072616239479038,0.00024072616239479038
0.0005191987314604802,-0.0005191987314604802
0.00019762296845378773,-0.00019762296845378773
0.0008143145109658193,-0.0008143145109658193
0.00043454477234594824,-0.00043454477234594824
0.001047303517522764,-0.001047303517522764
0.0006228746758335897,-0.0006228746758335897
-0.0004223479545144192,0.0004223479545144192
0.0005773340475440377,-0.0005773340475440377
-0.00026048746019501903,0.00026048746019501903
-0.00043305897247987674,0.00043305897247987674
-0.0010626997025822327,0.0010626997025822327
0.00034608007314156845,-0.00034608007314156845
-0.00023490435272470478,0.00023490435272470478
-0.0007493721441887138,0.0007493721441887138
-0.00034410910209857015,0.00034410910209857015
-1.559737880964097e-05,1.559737880964097e-05
-0.0004444355281515339,0.0004444355281515339
-0.001968909539459958,0.001968909539459958
-0.0008294649641353959,0.0008294649641353959
0.00012354520134566228,-0.00012354520134566228
-5.3501723251770256e-05,5.3501723251770256e-05
0.00019344873194337183,-0.00019344873194337183
0.0003980934135407219,-0.0003980934135407219
0.0007013807730006106,-0.0007013807730006106
-0.0004836529985043145,0.0004836529985043145
0.0005105076181590205,-0.0005105076181590205
-0.0006824856915185548,0.0006824856915185548
0.0005023337403410143,-0.0005023337403410143
0.0003694324339871836,-0.0003694324339871836
-0.0006074982805288602,0.0006074982805288602
-0.0004639091478857028,0.0004639091478857028
-0.00032320555335051127,0.00032320555335051127
-0.00024148740355230564,0.00024148740355230564
-0.0004026719025876076,0.0004026719025876076
-0.0008943339205907818,0.0008943339205907818
-0.00012166138225008235,0.00012166138225008235
-0.00030052261783568144,0.00030052261783568144
0.0004651560837041606,-0.0004651560837041606
-0.00047952443281956805,0.00047952443281956805
-0.0006899266696085513,0.0006899266696085513
0.0006306346802486839,-0.0006306346802486839
0.0001789436310023102,-0.0001789436310023102
0.00036697383534891226,-0.00036697383534891226
-0.0005841248885015805,0.0005841248885015805
0.001312778817756805,-0.001312778817756805
-0.0006537894992058625,0.0006537894992058625
0.0012354343268388421,-0.0012354343268388421
0.0004844343063531408,-0.0004844343063531408
-0.00017582921396058846,0.00017582921396058846
7.982124005153508e-05,-7.982124005153508e-05
0.0008260515811072314,-0.0008260515811072314
0.0001115101704558023,-0.0001115101704558023
-0.0006706517865472805,0.0006706517865472805
0.000486540015813056,-0.000486540015813056
-0.00035149241574311443,0.00035149241574311443
-0.0005626040837371847,0.0005626040837371847
0.0007202771407576595,-0.0007202771407576595
2.152350625205131e-05,-2.152350625205131e-05
0.0003770153179799992,-0.0003770153179799992
-0.0007034688352534871,0.0007034688352534871
-9.388790028512183e-05,9.388790028512183e-05
-0.0005033195535233348,0.0005033195535233348
0.0008044827051797821,-0.0008044827051797821
0.000278483028325933,-0.000278483028325933
5.851881758613304e-05,-5.851881758613304e-05
9.847658690592323e-05,-9.847658690592323e-05
0.0005019954364573001,-0.0005019954364573001
0.0011012897921248933,-0.0011012897921248933
-0.0005033844238083688,0.0005033844238083688
2.4629608180961373e-06,-2.4629608180961373e-06
0.0009891837995511506,-0.0009891837995511506
0.00022388843406418644,-0.00022388843406418644
-0.0004086489521394393,0.0004086489521394393
-0.0004922426430981279,0.0004922426430981279
0.0007482675970427805,-0.0007482675970427805
-6.75413881699871e-05,6.75413881699871e-05
-0.0005535255321899864,0.0005535255321899864
0.00043308740854785025,-0.00043308740854785025
0.00037065270020757027,-0.00037065270020757027
6.16965802984954e-05,-6.16965802984954e-05
-0.00023381089992428886,0.00023381089992428886
0.00034468440745363333,-0.00034468440745363333
-0.0006220328761246569,0.0006220328761246569
0.00035210206630809386,-0.00035210206630809386
0.00022804499727326698,-0.00022804499727326698
-0.0008674422765913853,0.0008674422765913853
-0.00040321658657411336,0.00040321658657411336
-0.00012055496124288277,0.00012055496124288277
-0.00030816236909155957,0.00030816236909155957
-0.00028695248592167186,0.00028695248592167186
-0.00045966448196998,0.00045966448196998
-0.00017911695288787505,0.00017911695288787505
-0.0002918818892712197,0.0002918818892712197
0.0009378890610287573,-0.0009378890610287573
0.00020942991012705734,-0.00020942991012705734
-0.00015391037719858811,0.00015391037719858811
-0.0010040713752387529,0.0010040713752387529
0.000505738888718891,-0.000505738888718891
-0.0005666625107110167,0.0005666625107110167
-0.0008374691468085191,0.0008374691468085191
0.00022623421326795705,-0.00022623421326795705
0.0008718199013262625,-0.0008718199013262625
0.0007288381971912118,-0.0007288381971912118
1.599096508421758e-05,-1.599096508421758e-05
3.7212223103931294e-05,-3.7212223103931294e-05
-0.00022110861468681962,0.00022110861468681962
0.00035275498791635125,-0.00035275498791635125
-0.0003320986903631407,0.0003320986903631407
0.0010278870915985678,-0.0010278870915985678
0.0005022691173187388,-0.0005022691173187388
-0.0003681914636581357,0.0003681914636581357
5.204659658891355e-05,-5.204659658891355e-05
-0.00053601553226974,0.00053601553226974
0.0003661868662522074,-0.0003661868662522074
-0.00022375399928436683,0.00022375399928436683
0.00028571374963728713,-0.00028571374963728713
0.00010509706052604666,-0.00010509706052604666
-0.00012747724844791561,0.00012747724844791561
0.00014117458592679882,-0.00014117458592679882
0.00038877475969558854,-0.00038877475969558854
-0.0006312390709409245,0.0006312390709409245
0.00032811186294363025,-0.00032811186294363025
-0.00032522822203124517,0.00032522822203124517
-0.00020832168521268442,0.00020832168521268442
0.0003672926468761653,-0.0003672926468761653
-0.0005819779659965522,0.0005819779659965522
-0.0007500728895809035,0.0007500728895809035
0.00019853524591999076,-0.00019853524591999076
-0.000131159867806169,0.000131159867806169
0.00018595872356930653,-0.00018595872356930653
0.00010791120910378948,-0.00010791120910378948
9.215202248352173e-05,-9.215202248352173e-05
0.0002819702800528163,-0.0002819702800528163
-0.000136734249824732,0.000136734249824732
0.0005641727570448891,-0.0005641727570448891
-0.0005876069782665362,0.0005876069782665362
0.0010815498447132672,-0.0010815498447132672
-0.0005321713974762209,0.0005321713974762209
0.0005805339425389096,-0.0005805339425389096
-0.00018239462550724813,0.00018239462550724813
-0.0008098418976322621,0.0008098418976322621
5.25554514487208e-05,-5.25554514487208e-05
-0.00021514800498657056,0.00021514800498657056
0.0004427197006377814,-0.0004427197006377814
-0.00026320824494118405,0.00026320824494118405
0.0003451569525463923,-0.0003451569525463923
-0.0016649101790757977,0.0016649101790757977
-0.0010765872650726552,0.0010765872650726552
-0.0002414197577971579,0.0002414197577971579
-0.0005463025847685115,0.0005463025847685115
0.00011539833898614948,-0.00011539833898614948
0.0002612709406550512,-0.0002612709406550512
-8.969475515336314e-05,8.969475515336314e-05
-0.0008113426461360232,0.0008113426461360232
-0.000965932515040758,0.000965932515040758
0.0007310450122761184,-0.0007310450122761184
0.00011728881977769262,-0.00011728881977769262
-0.00037223119132614546,0.00037223119132614546
7.180636083621492e-05,-7.180636083621492e-05
-0.0001838516459521086,0.0001838516459521086
-0.0007326937301705688,0.0007326937301705688
-0.0001086573908359221,0.0001086573908359221
-0.0011010275017942657,0.0011010275017942657
-0.0001932969439391678,0.0001932969439391678
0.00034647044454465183,-0.00034647044454465183
-0.00024755955274108343,0.00024755955274108343
0.0010387976545904115,-0.0010387976545904115
-0.00034035194223839784,0.00034035194223839784
-0.0005454811450525668,0.0005454811450525668
-0.0016168936006907867,0.0016168936006907867
0.00022414069681039606,-0.00022414069681039606
3.004430149527038e-06,-3.004430149527038e-06
-0.0004707676060761436,0.0004707676060761436
6.862012071823142e-05,-6.862012071823142e-05
-0.0005116859546711974,0.0005116859546711974
-0.0004700454171651178,0.0004700454171651178
0.00032285821808288344,-0.00032285821808288344
8.821367796372469e-05,-8.821367796372469e-05
-0.0003583624228422948,0.0003583624228422948
0.0011324013230631072,-0.0011324013230631072
-0.0012399037891805858,0.0012399037891805858
0.0007377906269304443,-0.0007377906269304443
-0.00034076722543656385,0.00034076722543656385
0.00026828425008259686,-0.00026828425008259686
-0.0007394666922961726,0.0007394666922961726
-0.0005993830094769148,0.0005993830094769148
-2.958123285860966e-05,2.958123285860966e-05
0.0007314532381900625,-0.0007314532381900625
0.00016095259355114298,-0.00016095259355114298
-0.0005700970232944249,0.0005700970232944249
0.00037357648939121286,-0.00037357648939121286
1.3856662121355313e-05,-1.3856662121355313e-05
-0.0002328136490205441,0.0002328136490205441
-1.7729537425187556e-05,1.7729537425187556e-05
6.303327033348618e-05,-6.303327033348618e-05
0.0017176172140095144,-0.0017176172140095144
0.0001228922863431846,-0.0001228922863431846
0.0006492126401370713,-0.0006492126401370713
0.00030038028805155076,-0.00030038028805155076
0.0003961846214848284,-0.0003961846214848284
-0.0006095267929264547,0.0006095267929264547
-0.0004237264666816811,0.0004237264666816811
-0.00023775164976341483,0.00023775164976341483
0.00044776779063085675,-0.00044776779063085675
-0.00012849438677353645,0.00012849438677353645
-3.4044249432404264e-05,3.4044249432404264e-05
0.0008191751208016043,-0.0008191751208016043
0.0005958797981269377,-0.0005958797981269377
0.0008894949791941527,-0.0008894949791941527
4.1430464290517994e-05,-4.1430464290517994e-05
-0.0002669278327339218,0.0002669278327339218
-0.0004258116683660568,0.0004258116683660568
-0.00036667204671408417,0.00036667204671408417
-0.0006872696407278674,0.0006872696407278674
-0.0001934367935723402,0.0001934367935723402
0.00149745716944767,-0.00149745716944767
-0.0004525445842122704,0.0004525445842122704
0.0005615643867756241,-0.0005615643867756241
-0.00011307261924359353,0.00011307261924359353
0.0005068134130735958,-0.0005068134130735958
-0.00030672679208681736,0.00030672679208681736
0.0007826937189628232,-0.0007826937189628232
-0.0005853877388635072,0.0005853877388635072
-0.00016339988078877145,0.00016339988078877145
-0.0004525334184938268,0.0004525334184938268
0.00017146220789436263,-0.00017146220789436263
0.00042792565604739263,-0.00042792565604739263
0.0007704266689134917,-0.0007704266689134917
-0.0009920856003770868,0.0009920856003770868
0.0003710709488010587,-0.0003710709488010587
0.00036406932289961456,-0.00036406932289961456
8.137699369301958e-05,-8.137699369301958e-05
-0.0001665892534110561,0.0001665892534110561
0.00011457415534985489,-0.00011457415534985489
-0.0006915530092906636,0.0006915530092906636
0.00010984879667446473,-0.00010984879667446473
0.0008614617261508908,-0.0008614617261508908
-7.317819816069911e-05,7.317819816069911e-05
-0.00017123436166827615,0.00017123436166827615
2.8502662490459497e-05,-2.8502662490459497e-05
0.0012611024341242895,-0.0012611024341242895
0.000311514409632083,-0.000311514409632083
-0.0011272742746457798,0.0011272742746457798
-0.000992979211817525,0.000992979211817525
0.0007068239295068489,-0.0007068239295068489
0.00020101330630398247,-0.00020101330630398247
-9.744411573768483e-05,9.744411573768483e-05
-0.00021454839476977775,0.00021454839476977775
0.00019079429909849547,-0.00019079429909849547
0.00023548089662730418,-0.00023548089662730418
0.0015342208181548206,-0.0015342208181548206
-0.0001772888373477609,0.0001772888373477609
-0.0004982632703441648,0.0004982632703441648
-0.0007995061329740454,0.0007995061329740454
-0.00015132346006316804,0.00015132346006316804
-5.538292719341121e-05,5.538292719341121e-05
-0.0002898369508029214,0.0002898369508029214
0.0005212885647052117,-0.0005212885647052117
0.00032770820785619494,-0.00032770820785619494
0.0005900323521602449,-0.0005900323521602449
-0.000892758909843445,0.000892758909843445
-0.00044608824181403535,0.00044608824181403535
-0.0002879126573639237,0.0002879126573639237
-6.667052027448256e-05,6.667052027448256e-05
0.0006652858989949536,-0.0006652858989949536
0.00012157080961440334,-0.00012157080961440334
-0.00022567343404093147,0.00022567343404093147
0.0005845494648195964,-0.0005845494648195964
0.00030157974360118806,-0.00030157974360118806
-0.0003811249498169231,0.0003811249498169231
0.00018537761232197397,-0.00018537761232197397
0.0011473021211303568,-0.0011473021211303568
0.0008649220272438317,-0.0008649220272438317
-3.0513054866076117e-05,3.0513054866076117e-05
0.00022740215587067458,-0.00022740215587067458
0.00016061987516317964,-0.00016061987516317964
-0.0003274869297830696,0.0003274869297830696
-0.0006287862371561091,0.0006287862371561091
7.047615405578802e-05,-7.047615405578802e-05
-0.0009673803815582008,0.0009673803815582008
-0.00034872615551290853,0.00034872615551290853
0.0006351120492207796,-0.0006351120492207796
6.765742491000878e-05,-6.765742491000878e-05
-0.0007611986399289387,0.0007611986399289387
-3.9662092437361924e-05,3.9662092437361924e-05
-0.00016520865994243248,0.00016520865994243248
0.0006873799889051327,-0.0006873799889051327
-0.000284821698711189,0.000284821698711189
0.0002545043353194363,-0.0002545043353194363
-0.0002226872352918578,0.0002226872352918578
-0.0018416298335019066,0.0018416298335019066
-0.0006355965247308765,0.0006355965247308765
0.00039804673570406775,-0.00039804673570406775
0.00029463643806864806,-0.00029463643806864806
0.0008188844423600776,-0.0008188844423600776
0.00020035176676166965,-0.00020035176676166965
0.0001212007922699107,-0.0001212007922699107
0.0008121644204467586,-0.0008121644204467586
-0.0003521885066422617,0.0003521885066422617
-2.0447587867322342e-05,2.0447587867322342e-05
-7.349061559800558e-05,7.349061559800558e-05
-0.00010515429638876721,0.00010515429638876721
0.0011322305271641885,-0.0011322305271641885
0.0008902872243439701,-0.0008902872243439701
-0.0006097327947512941,0.0006097327947512941
-0.00022411322135106404,0.00022411322135106404
-0.0010707018325681727,0.0010707018325681727
0.0009645420876854456,-0.0009645420876854456
-0.00033382034371548215,0.00033382034371548215
-8.680068987363876e-05,8.680068987363876e-05
0.0007122882887888426,-0.0007122882887888426
-0.00015599473332613838,0.00015599473332613838
-0.00075405866042431,0.00075405866042431
6.83844458281509e-05,-6.83844458281509e-05
-0.0015700874060092483,0.0015700874060092483
-0.00107810445554093,0.00107810445554093
4.320338548192444e-05,-4.320338548192444e-05
-0.0004319260045611308,0.0004319260045611308
0.0005686318496336317,-0.0005686318496336317
0.0005138754056480934,-0.0005138754056480934
-0.0004547057242779228,0.0004547057242779228
-0.0006124637472878333,0.0006124637472878333
0.0004936795184027637,-0.0004936795184027637
-0.0008800261901395581,0.0008800261901395581
-0.0008222501528320771,0.0008222501528320771
-4.254829454259469e-05,4.254829454259469e-05
-0.00033880266501454086,0.00033880266501454086
-0.0005857289867058666,0.0005857289867058666
0.0001563408789025059,-0.0001563408789025059
-0.0006851679348092533,0.0006851679348092533
0.0006659694965950522,-0.0006659694965950522
-0.0006290534740579048,0.0006290534740579048
0.0007185193182490809,-0.0007185193182490809
-0.0005277020486182675,0.0005277020486182675
-0.00017123293570162388,0.00017123293570162388
-0.00017437006713125647,0.00017437006713125647
-0.00136819746821725,0.00136819746821725
-0.0003346538820621268,0.0003346538820621268
0.0014876324449037976,-0.0014876324449037976
0.0006271549175008995,-0.0006271549175008995
0.0002640255137291089,-0.0002640255137291089
-0.0006709001093290998,0.0006709001093290998
0.0005315776043599948,-0.0005315776043599948
-0.0002997024159670541,0.0002997024159670541
0.0006121805876120453,-0.0006121805876120453
-0.0005503721715877623,0.0005503721715877623
0.00040661603237561467,-0.00040661603237561467
-0.00038555637235716464,0.00038555637235716464
-0.000204262424807286,0.000204262424807286
0.00019525332446932348,-0.00019525332446932348
0.000422596051650243,-0.000422596051650243
4.968216793834997e-06,-4.968216793834997e-06
0.00018848491434616735,-0.00018848491434616735
0.0005489832057871288,-0.0005489832057871288
-0.0003210163259748721,0.0003210163259748721
-0.0005706273750496968,0.0005706273750496968
0.0006583136580306562,-0.0006583136580306562
-0.00010991919870455828,0.00010991919870455828
-7.118851107245227e-05,7.118851107245227e-05
0.0016146750543921428,-0.0016146750543921428
-9.263940248819977e-05,9.263940248819977e-05
-1.823591719342523e-07,1.823591719342523e-07
-0.00027993328135420784,0.00027993328135420784
-0.0004350342694463873,0.0004350342694463873
0.0006735464333365857,-0.0006735464333365857
0.00018731025623768037,-0.00018731025623768037
0.00043122209351138753,-0.00043122209351138753
-0.0017765763940567273,0.0017765763940567273
0.0007841115975008762,-0.0007841115975008762
-0.0007532476199232059,0.0007532476199232059
0.0003321340777414012,-0.0003321340777414012
0.0001852740888962949,-0.0001852740888962949
0.0004502068937275775,-0.0004502068937275775
0.0006179197625780401,-0.0006179197625780401
-0.0002761389745554176,0.0002761389745554176
0.0002960670931714051,-0.0002960670931714051
-0.0008564176396446208,0.0008564176396446208
-0.00018843305062392378,0.00018843305062392378
0.0004880992893729647,-0.0004880992893729647
-9.34832536252304e-05,9.34832536252304e-05
0.0005579002900719873,-0.0005579002900719873
0.0008110692467204863,-0.0008110692467204863
-0.00040857473726065886,0.00040857473726065886
0.0002010111490663599,-0.0002010111490663599
0.000236411537362743,-0.000236411537362743
0.0006941379733861558,-0.0006941379733861558
0.00039440143961129003,-0.00039440143961129003
-0.000855526540314409,0.000855526540314409
-0.00013435165001455016,0.00013435165001455016
0.000443532142190264,-0.000443532142190264
0.00021490753435800657,-0.00021490753435800657
-0.0011774142390075697,0.0011774142390075697
-0.0007715792433486842,0.0007715792433486842
0.00012895394919137379,-0.00012895394919137379
0.00013443543359045358,-0.00013443543359045358
0.0004671139376154914,-0.0004671139376154914
-4.2345371617905775e-05,4.2345371617905775e-05
-0.0006253666981909968,0.0006253666981909968
-0.00012475766804751832,0.00012475766804751832
0.0005594839075684001,-0.0005594839075684001
0.0009694387200412752,-0.0009694387200412752
-0.00018634712041092462,0.00018634712041092462
-0.0004405288429824591,0.0004405288429824591
0.00010243564446039438,-0.00010243564446039438
-9.151580867530682e-05,9.151580867530682e-05
-0.0005521654089444715,0.0005521654089444715
0.00019991584064195974,-0.00019991584064195974
-0.00019985535025405675,0.00019985535025405675
-0.00019891398588813995,0.00019891398588813995
-0.00016502625438524377,0.00016502625438524377
0.00018530316051785977,-0.00018530316051785977
-0.0004680644370699211,0.0004680644370699211
0.0006044831608598004,-0.0006044831608598004
-0.0005756320871406275,0.0005756320871406275
0.0001623527317795031,-0.0001623527317795031
0.00016602419164047852,-0.00016602419164047852
-0.000287307471789895,0.000287307471789895
-9.696518096706256e-05,9.696518096706256e-05
0.0002532038849740956,-0.0002532038849740956
-0.00010844448534965503,0.00010844448534965503
-0.0002028213549225266,0.0002028213549225266
-0.001750087952577053,0.001750087952577053
0.0007982111978217998,-0.0007982111978217998
-0.0002247830051329453,0.0002247830051329453
-4.795898837153186e-05,4.795898837153186e-05
0.0005637223363567519,-0.0005637223363567519
-0.00023992673814978002,0.00023992673814978002
0.00014421973199467655,-0.00014421973199467655
-0.0012341896579429036,0.0012341896579429036
0.00041612776916407913,-0.00041612776916407913
-6.310538790485787e-05,6.310538790485787e-05
0.001664179972669547,-0.001664179972669547
0.00019310881397190658,-0.00019310881397190658
0.00012536613468328473,-0.00012536613468328473
-0.0006602310633985811,0.0006602310633985811
-0.00028913432992784007,0.00028913432992784007
-0.0006243109174564867,0.0006243109174564867
-0.00014241884593323877,0.00014241884593323877
6.270106253052023e-05,-6.270106253052023e-05
0.0009460388821291002,-0.0009460388821291002
-0.0009283652011530555,0.0009283652011530555
0.000466359204713613,-0.000466359204713613
2.7476801027870844e-05,-2.7476801027870844e-05
0.0004906390075541944,-0.0004906390075541944
-0.00039857075069123915,0.00039857075069123915
-0.0003053794522619209,0.0003053794522619209
0.0010010946285661042,-0.0010010946285661042
0.00047999723111455666,-0.00047999723111455666
-0.00035574669730316507,0.00035574669730316507
-0.00013842353680333563,0.00013842353680333563
0.0003492792143013435,-0.0003492792143013435
0.0009132786599899418,-0.0009132786599899418
0.001114128042318924,-0.001114128042318924
0.0015218931541412144,-0.0015218931541412144
0.001045856002328375,-0.001045856002328375
3.410788226579901e-05,-3.410788226579901e-05
-0.0005582766494215345,0.0005582766494215345
0.00010212853131596245,-0.00010212853131596245
0.00036733935236531407,-0.00036733935236531407
-0.0004953783730490592,0.0004953783730490592
0.0003661071960589256,-0.0003661071960589256
0.00044594948198977156,-0.00044594948198977156
-0.00022001890694349035,0.00022001890694349035
-0.00044274905915352207,0.00044274905915352207
0.0010872109629714907,-0.0010872109629714907
0.00037703902768279195,-0.00037703902768279195
5.0917740887662e-05,-5.0917740887662e-05
-6.954659596879756e-05,6.954659596879756e-05
-0.0012543578366646462,0.0012543578366646462
-7.820818618927994e-05,7.820818618927994e-05
-0.0001294561373543199,0.0001294561373543199
0.0003019394830662789,-0.0003019394830662789
-6.879174310865305e-05,6.879174310865305e-05
-0.0001355863825796681,0.0001355863825796681
-3.977577606894807e-05,3.977577606894807e-05
-6.370405379687707e-05,6.370405379687707e-05
0.00021550493148141456,-0.00021550493148141456
-0.0004909525432352591,0.0004909525432352591
-0.00026666270954953575,0.00026666270954953575
-7.942267645155972e-05,7.942267645155972e-05
-0.00045209946680211733,0.00045209946680211733
-0.00011901468901572742,0.00011901468901572742
-0.0003406269987892169,0.0003406269987892169
0.0001233581499844973,-0.0001233581499844973
0.0013221970365528027,-0.0013221970365528027
-0.00016121605396476836,0.00016121605396476836
-0.0001212891426854584,0.0001212891426854584
0.0004757047723782176,-0.0004757047723782176
0.0007376512929404376,-0.0007376512929404376
-0.00018206622945518216,0.00018206622945518216
0.0003584811945077837,-0.0003584811945077837
0.0006525371194381825,-0.0006525371194381825
-0.0006812456795600424,0.0006812456795600424
0.0004180211134480616,-0.0004180211134480616
0.0009148232860025913,-0.0009148232860025913
0.0007958645658682534,-0.0007958645658682534
0.0005416485324319631,-0.0005416485324319631
0.00010694900475885117,-0.00010694900475885117
-0.00013131145116125097,0.00013131145116125097
-0.0008372883990808972,0.0008372883990808972
0.000871697772913505,-0.000871697772913505
0.0006906799200940776,-0.0006906799200940776
-0.00047803066745645496,0.00047803066745645496
-0.00013448333917053586,0.00013448333917053586
3.4209885409189614e-05,-3.4209885409189614e-05
0.00043777041769572304,-0.00043777041769572304
-0.0005127140648926008,0.0005127140648926008
-0.0006377337729120183,0.0006377337729120183
0.00021459584270377497,-0.00021459584270377497
0.0007439966201449621,-0.0007439966201449621
0.00037591746118799667,-0.00037591746118799667
0.0003763734330573722,-0.0003763734330573722
0.00028446753722737787,-0.00028446753722737787
0.0004545368730172571,-0.0004545368730172571
2.9160513191539474e-06,-2.9160513191539474e-06
-0.000660415905316228,0.000660415905316228
-9.838052698105777e-07,9.838052698105777e-07
-0.000601201565929509,0.000601201565929509
-0.00011538782656299678,0.00011538782656299678
-0.0012368225350062154,0.0012368225350062154
-0.000924271615105615,0.000924271615105615
0.0005623846519658286,-0.0005623846519658286
0.00030362727148396427,-0.00030362727148396427
-0.0001370844583822752,0.0001370844583822752
0.00024192149367477218,-0.00024192149367477218
0.0002793601314296559,-0.0002793601314296559
0.00039373716895262637,-0.00039373716895262637
-0.00026538108794733076,0.00026538108794733076
0.0007102571238011566,-0.0007102571238011566
-0.00019667472721448143,0.00019667472721448143
-4.234490644666569e-05,4.234490644666569e-05
-0.0006078525981258603,0.0006078525981258603
0.00038311209655313334,-0.00038311209655313334
4.486499316046451e-05,-4.486499316046451e-05
-0.00012386987696079248,0.00012386987696079248
0.0001879065284134801,-0.0001879065284134801
0.0005433846733840719,-0.0005433846733840719
0.0002877965439504676,-0.0002877965439504676
-0.0002532086696536642,0.0002532086696536642
-0.0005773934696203423,0.0005773934696203423
0.00024901977708541713,-0.00024901977708541713
-0.0007198253260818357,0.0007198253260818357
-0.0006056585910565886,0.0006056585910565886
-0.0009893423410711978,0.0009893423410711978
0.0003080387131370321,-0.0003080387131370321
-0.00016812639925831773,0.00016812639925831773
-0.00038812252214704394,0.00038812252214704394
0.0001322316504684579,-0.0001322316504684579
-0.0006103080471350348,0.0006103080471350348
0.00017813149395281232,-0.00017813149395281232
0.00028158845552175545,-0.00028158845552175545
0.00047594845955076107,-0.00047594845955076107
0.00032788577963573204,-0.00032788577963573204
0.00040764395198287975,-0.00040764395198287975
0.0007280058709774486,-0.0007280058709774486
8.941407540457696e-05,-8.941407540457696e-05
0.0006462254495515293,-0.0006462254495515293
0.0004709581613806132,-0.0004709581613806132
0.0005982825848683019,-0.0005982825848683019
-8.363213265332538e-05,8.363213265332538e-05
-0.0005237297226527074,0.0005237297226527074
-0.0009828519828569365,0.0009828519828569365
0.0007230720309800262,-0.0007230720309800262
-0.0012097614119703998,0.0012097614119703998
-0.0003461985081002879,0.0003461985081002879
-0.0003920208267237076,0.0003920208267237076
-0.0003298823843152891,0.0003298823843152891
1.932272111133837e-05,-1.932272111133837e-05
0.0013275685138161564,-0.0013275685138161564
0.000488511160959604,-0.000488511160959604
0.0002079393603166731,-0.0002079393603166731
0.0009725326578068011,-0.0009725326578068011
0.00044939624682339085,-0.00044939624682339085
-3.164483637361148e-05,3.164483637361148e-05
0.001068788624700324,-0.001068788624700324
0.0006715736453860033,-0.0006715736453860033
-0.0007377960376658505,0.0007377960376658505
-0.000415997171073141,0.000415997171073141
-0.0003713462619871611,0.0003713462619871611
-0.00010437092711290108,0.00010437092711290108
-0.00015017117536640637,0.00015017117536640637
-0.00017243995503435862,0.00017243995503435862
-3.085789577422455e-06,3.085789577422455e-06
0.0004169034597363077,-0.0004169034597363077
-0.0008820479921101605,0.0008820479921101605
-0.0002544591529902508,0.0002544591529902508
0.0005561451767374763,-0.0005561451767374763
-0.0006306036628680167,0.0006306036628680167
-0.0005687650915760564,0.0005687650915760564
0.00013639232055999713,-0.00013639232055999713
0.0005982001848340785,-0.0005982001848340785
0.0002128529474343972,-0.0002128529474343972
-6.762047805729734e-05,6.762047805729734e-05
-0.00022739081045713177,0.00022739081045713177
-0.0007974197992856576,0.0007974197992856576
0.000544597994146589,-0.000544597994146589
-3.479428134632534e-05,3.479428134632534e-05
-6.88585436200146e-05,6.88585436200146e-05
-0.0009664848166071683,0.0009664848166071683
-0.0002840387135759023,0.0002840387135759023
0.0004363610891080916,-0.0004363610891080916
-0.00010565744821387926,0.00010565744821387926
0.0008724690028667529,-0.0008724690028667529
-0.000248959810286884,0.000248959810286884
-0.0004698974533851888,0.0004698974533851888
-0.0009036434747563389,0.0009036434747563389
-0.000999114092799765,0.000999114092799765
0.0006334515655618517,-0.0006334515655618517
0.001026062292005259,-0.001026062292005259
-0.000508954520224437,0.000508954520224437
0.00012043020403481099,-0.00012043020403481099
0.0003074040576548151,-0.0003074040576548151
-0.0011146931044236045,0.0011146931044236045
-2.3198348390049005e-05,2.3198348390049005e-05
0.00017407149551409187,-0.00017407149551409187
-0.00036320505737232273,0.00036320505737232273
0.0002348314816322695,-0.0002348314816322695
0.00047158372497314925,-0.00047158372497314925
-5.393716991049921e-05,5.393716991049921e-05
-0.0004461968874473004,0.0004461968874473004
-0.00013563010797013674,0.00013563010797013674
-5.17508933547319e-05,5.17508933547319e-05
-0.00048313960543068616,0.00048313960543068616
-0.00036843667071689607,0.00036843667071689607
-0.00017758934369827914,0.00017758934369827914
-0.00026600508897671547,0.00026600508897671547
-0.0005177948236017115,0.0005177948236017115
-0.0002662822355148086,0.0002662822355148086
-0.0004135436651647025,0.0004135436651647025
-0.000587862619475722,0.000587862619475722
-0.0009325083335736219,0.0009325083335736219
0.000373772742618255,-0.000373772742618255
-0.00027185794281232904,0.00027185794281232904
-0.0004385528508025733,0.0004385528508025733
-0.0004275174994888281,0.0004275174994888281
0.0010025800563705158,-0.0010025800563705158
-0.0006697061675767271,0.0006697061675767271
0.0008573254752304769,-0.0008573254752304769
0.00044193048834281876,-0.00044193048834281876
-0.00028311216735134304,0.00028311216735134304
0.00018638096524284696,-0.00018638096524284696
0.0008696554410703087,-0.0008696554410703087
0.0008547434802431538,-0.0008547434802431538
0.0006186688099728914,-0.0006186688099728914
0.00013942501863851363,-0.00013942501863851363
-8.990255967066736e-06,8.990255967066736e-06
3.915906149314746e-05,-3.915906149314746e-05
9.532508560212779e-05,-9.532508560212779e-05
-8.599086707856957e-05,8.599086707856957e-05
0.0006731620221204348,-0.0006731620221204348
-1.393462825542249e-05,1.393462825542249e-05
0.0008220887341141558,-0.0008220887341141558
-0.0008485777862136452,0.0008485777862136452
0.0003042168360889804,-0.0003042168360889804
8.42616600141562e-06,-8.42616600141562e-06
-0.00018056534354283187,0.00018056534354283187
0.00015146225420750023,-0.00015146225420750023
5.230683099180854e-06,-5.230683099180854e-06
-0.0008440032062288975,0.0008440032062288975
0.00025221676589755223,-0.00025221676589755223
-0.00040816861652072774,0.00040816861652072774
-0.0011760713778612376,0.0011760713778612376
-0.000468016250672485,0.000468016250672485
-0.00011334478653533104,0.00011334478653533104
-0.00030913380450742504,0.00030913380450742504
-0.00018384467526979577,0.00018384467526979577
0.0009710579280107598,-0.0009710579280107598
0.00015404693523875376,-0.00015404693523875376
-0.0001446925071189776,0.0001446925071189776
-0.0005032222231990016,0.0005032222231990016
-0.001035861407389969,0.001035861407389969
-0.0014695002764803047,0.0014695002764803047
0.0015009180949398296,-0.0015009180949398296
